k, flow, paths, time
1,2, 2, 2300
1,2, 4, 1087
1,2, 6, 985
1,2, 8, 911
1,2, 10, 864
1,1, 12, 832
1,2, 14, 792
1,1, 16, 849
1,1, 18, 802
1,1, 20, 830
1,1, 22, 794
1,2, 24, 830
1,1, 26, 800
1,2, 28, 830
1,1, 30, 801
1,1, 32, 835
1,2, 34, 795
1,2, 36, 825
1,2, 38, 794
1,1, 40, 832
1,2, 42, 807
1,1, 44, 826
1,1, 46, 799
1,1, 48, 830
1,2, 50, 803
1,2, 52, 834
1,2, 54, 790
1,1, 56, 834
1,1, 58, 800
1,2, 60, 822
1,2, 62, 794
1,1, 64, 825
1,2, 66, 803
1,2, 68, 838
1,2, 70, 794
1,1, 72, 829
1,2, 74, 789
1,2, 76, 856
1,2, 78, 784
1,1, 80, 817
1,2, 82, 787
1,1, 84, 825
1,1, 86, 803
1,2, 88, 840
1,2, 90, 806
1,2, 92, 830
1,1, 94, 800
1,1, 96, 821
1,2, 98, 800
1,2, 100, 1159
1,2, 102, 1055
1,2, 104, 1186
1,2, 106, 1202
1,2, 108, 1158
1,1, 110, 803
1,2, 112, 826
1,1, 114, 800
1,1, 116, 835
1,2, 118, 797
1,2, 120, 834
1,2, 122, 1199
1,1, 124, 1119
1,2, 126, 10760
1,1, 128, 1430
1,1, 130, 821
1,1, 132, 852
1,2, 134, 793
1,1, 136, 833
1,2, 138, 803
1,1, 140, 1162
1,2, 142, 1140
1,1, 144, 839
1,1, 146, 835
1,1, 148, 836
1,2, 150, 800
1,1, 152, 1146
1,2, 154, 1132
1,2, 156, 1194
1,1, 158, 1245
1,1, 160, 849
1,2, 162, 792
1,2, 164, 836
1,2, 166, 8356
1,2, 168, 857
1,2, 170, 791
1,2, 172, 835
1,2, 174, 799
1,2, 176, 836
1,2, 178, 790
1,1, 180, 840
1,1, 182, 792
1,1, 184, 832
1,1, 186, 798
1,2, 188, 830
1,1, 190, 792
1,2, 192, 833
1,1, 194, 797
1,2, 196, 834
1,2, 198, 783
1,1, 200, 830
2,4, 203, 2542
2,5, 206, 2141
2,4, 209, 1715
2,3, 212, 2128
2,6, 215, 1783
2,5, 218, 2021
2,5, 221, 1839
2,3, 224, 1822
2,4, 227, 1784
2,4, 230, 1623
2,2, 233, 1847
2,4, 236, 1750
2,2, 239, 1943
2,2, 242, 1839
2,5, 245, 1712
2,6, 248, 1965
2,4, 251, 1667
2,4, 254, 1851
2,2, 257, 1868
2,6, 260, 1694
2,3, 263, 1867
2,2, 266, 1735
2,5, 269, 1855
2,2, 272, 1827
2,2, 275, 1931
2,3, 278, 1650
2,4, 281, 1712
2,2, 284, 1843
2,4, 287, 1774
2,3, 290, 1856
2,4, 293, 1812
2,3, 296, 1718
2,2, 299, 1758
2,3, 302, 1861
2,2, 305, 1731
2,3, 308, 1722
2,2, 311, 1616
2,3, 314, 1875
2,5, 317, 1773
2,2, 320, 1771
2,3, 323, 1640
2,4, 326, 1782
2,4, 329, 8176
2,3, 332, 1715
2,2, 335, 1713
2,2, 338, 1637
2,5, 341, 1728
2,3, 344, 1890
2,6, 347, 1579
2,5, 350, 1655
2,2, 353, 1625
2,4, 356, 1657
2,5, 359, 1622
2,6, 362, 1635
2,5, 365, 1626
2,6, 368, 1693
2,2, 371, 1891
2,2, 374, 1865
2,5, 377, 1623
2,3, 380, 1964
2,5, 383, 1883
2,3, 386, 1736
2,2, 389, 1718
2,4, 392, 1861
2,4, 395, 1641
2,3, 398, 1974
2,4, 401, 1721
2,4, 404, 1611
2,3, 407, 1601
2,2, 410, 1878
2,4, 413, 1995
2,3, 416, 1822
2,6, 419, 1861
2,3, 422, 1906
2,3, 425, 1857
2,5, 428, 1616
2,2, 431, 1885
2,3, 434, 1971
2,3, 437, 1777
2,5, 440, 1660
2,4, 443, 1745
2,3, 446, 1720
2,4, 449, 1706
2,4, 452, 1638
2,3, 455, 9843
2,4, 458, 1691
2,5, 461, 1605
2,7, 464, 1619
2,4, 467, 1651
2,4, 470, 1645
2,5, 473, 1622
2,5, 476, 1634
2,2, 479, 1867
2,3, 482, 1618
2,4, 485, 1737
2,4, 488, 1758
2,3, 491, 1886
2,5, 494, 1595
2,3, 497, 1718
2,2, 500, 1991
3,10, 505, 6063
3,8, 512, 12638
3,10, 517, 4702
3,5, 522, 5236
3,8, 527, 6618
3,8, 533, 5404
3,12, 540, 6152
3,12, 546, 5065
3,11, 552, 5394
3,7, 557, 4589
3,6, 562, 3939
3,10, 568, 5486
3,7, 573, 4556
3,9, 578, 4651
3,12, 584, 5430
3,9, 590, 5331
3,7, 595, 4644
3,9, 601, 14325
3,8, 606, 4110
3,8, 611, 4512
3,10, 617, 5434
3,5, 622, 4648
3,11, 628, 5045
3,12, 635, 5680
3,6, 641, 4949
3,8, 647, 5301
3,5, 653, 11091
3,5, 657, 3202
3,13, 663, 4531
3,5, 668, 9861
3,8, 673, 4126
3,7, 678, 4232
3,13, 684, 5304
3,6, 688, 3872
3,8, 694, 5660
3,10, 700, 5434
3,7, 705, 4560
3,11, 711, 5063
3,9, 717, 5152
3,7, 723, 5373
3,10, 729, 10784
3,12, 735, 4851
3,8, 740, 4465
3,7, 746, 5172
3,12, 752, 5291
3,10, 759, 5760
3,7, 764, 4404
3,8, 769, 4349
3,12, 774, 4415
3,9, 780, 5040
3,11, 785, 4097
3,9, 791, 10795
3,9, 797, 16126
3,13, 804, 5957
3,9, 810, 4496
3,5, 815, 4100
3,11, 821, 4727
3,9, 826, 4019
3,6, 831, 3927
3,9, 837, 5327
3,6, 841, 3738
3,11, 848, 5676
3,5, 853, 4408
3,10, 859, 5142
3,8, 865, 4949
3,9, 871, 5227
3,9, 877, 5254
3,7, 883, 5575
3,9, 888, 4598
3,12, 894, 5284
3,15, 901, 6051
3,7, 906, 3779
3,7, 911, 3959
3,12, 917, 6597
3,9, 924, 13778
3,8, 929, 4603
3,10, 935, 4917
3,9, 941, 5391
3,12, 947, 5053
3,9, 953, 5284
3,10, 959, 4956
3,10, 965, 5175
3,13, 971, 5070
3,6, 976, 4487
3,8, 982, 5467
3,13, 988, 11861
3,6, 993, 4616
3,12, 999, 4958
3,8, 1004, 4511
3,9, 1010, 4920
3,8, 1016, 5057
3,11, 1022, 5199
3,11, 1027, 3995
3,8, 1033, 5159
3,8, 1039, 5134
3,9, 1044, 4554
3,7, 1049, 4180
3,10, 1055, 11420
3,8, 1060, 4231
3,9, 1066, 5378
4,17, 1077, 27222
4,21, 1087, 14351
4,23, 1099, 23401
4,31, 1112, 17451
4,28, 1124, 15269
4,19, 1136, 22008
4,35, 1149, 16734
4,33, 1163, 18520
4,31, 1178, 18643
4,34, 1195, 26478
4,11, 1203, 10652
4,23, 1214, 14532
4,21, 1227, 31092
4,29, 1239, 13594
4,24, 1251, 22106
4,26, 1264, 15877
4,28, 1274, 18029
4,28, 1287, 21775
4,15, 1296, 12205
4,30, 1307, 13504
4,37, 1323, 33916
4,28, 1336, 19072
4,11, 1342, 13595
4,32, 1353, 16667
4,29, 1367, 43573
4,18, 1376, 16998
4,28, 1389, 16337
4,21, 1398, 10733
4,25, 1410, 65476
4,9, 1417, 8269
4,36, 1430, 16806
4,35, 1443, 24807
4,29, 1455, 15851
4,19, 1465, 20866
4,23, 1477, 15591
4,25, 1487, 13680
4,17, 1496, 12509
4,25, 1509, 43500
4,35, 1523, 20371
4,31, 1536, 20821
4,25, 1549, 23971
4,31, 1562, 16344
4,28, 1573, 20496
4,21, 1584, 14640
4,27, 1596, 15401
4,29, 1607, 12586
4,17, 1614, 8503
4,10, 1621, 8110
4,36, 1639, 27139
4,15, 1650, 14407
4,33, 1664, 30701
4,15, 1674, 13025
4,22, 1683, 18622
4,17, 1692, 16056
4,23, 1702, 13163
4,22, 1713, 13405
4,26, 1725, 15318
4,13, 1732, 12910
4,32, 1747, 30244
4,26, 1756, 23433
4,25, 1767, 14349
4,31, 1778, 14115
4,24, 1787, 16353
4,15, 1796, 21869
4,11, 1802, 19178
4,23, 1815, 31605
4,20, 1827, 20982
4,27, 1837, 24403
4,29, 1849, 15975
4,22, 1859, 12946
4,35, 1874, 17779
4,27, 1887, 22962
4,15, 1896, 10671
4,33, 1910, 17749
4,22, 1919, 10719
4,28, 1931, 32500
4,32, 1945, 26913
4,25, 1958, 16981
4,16, 1968, 12176
4,21, 1978, 17411
4,29, 1990, 15734
4,22, 2000, 12586
4,22, 2014, 22394
4,13, 2021, 15725
4,28, 2034, 21441
4,23, 2045, 18348
4,29, 2056, 18527
4,18, 2067, 37583
4,26, 2079, 20047
4,22, 2089, 12977
4,32, 2105, 18427
4,33, 2118, 15037
4,27, 2129, 13029
4,15, 2137, 9253
4,35, 2150, 16615
4,25, 2161, 13229
4,20, 2172, 24009
4,24, 2185, 15289
4,12, 2194, 11658
4,22, 2204, 17754
5,70, 2230, 87987
5,75, 2262, 67384
5,75, 2289, 59012
5,92, 2321, 69544
5,62, 2346, 47872
5,78, 2377, 67094
5,88, 2409, 72926
5,33, 2427, 33062
5,47, 2445, 53707
5,53, 2464, 37040
5,53, 2484, 60005
5,49, 2501, 39516
5,66, 2527, 62334
5,67, 2550, 51043
5,63, 2572, 54051
5,67, 2596, 56536
5,65, 2626, 55008
5,82, 2654, 67293
5,72, 2680, 48588
5,86, 2714, 81827
5,51, 2736, 39000
5,66, 2765, 87576
5,87, 2797, 66114
5,76, 2827, 70155
5,60, 2851, 62237
5,84, 2882, 106978
5,65, 2908, 65760
5,60, 2932, 73745
5,29, 2946, 50818
5,67, 2971, 70107
5,79, 3000, 76001
5,72, 3030, 55291
5,81, 3063, 111532
5,83, 3095, 104368
5,60, 3118, 45127
5,72, 3147, 98804
5,56, 3173, 72468
5,68, 3198, 77971
5,67, 3223, 67874
5,78, 3254, 91172
5,40, 3272, 59145
5,71, 3303, 82641
5,75, 3330, 66489
5,70, 3358, 109177
5,86, 3392, 108263
5,88, 3425, 111912
5,78, 3457, 80153
5,57, 3478, 47139
5,64, 3500, 40291
5,77, 3531, 87664
5,64, 3553, 86577
5,65, 3577, 75723
5,76, 3606, 68152
5,44, 3626, 56683
5,52, 3649, 68883
5,50, 3668, 53923
5,52, 3692, 72101
5,53, 3713, 78862
5,71, 3741, 98400
5,35, 3756, 27552
5,72, 3784, 88485
5,50, 3804, 54226
5,90, 3839, 87195
5,59, 3863, 56776
5,55, 3886, 86037
5,63, 3915, 181580
5,68, 3938, 64909
5,66, 3962, 79541
5,70, 3990, 59777
5,72, 4014, 66473
5,74, 4041, 73551
5,49, 4066, 77574
5,62, 4092, 56868
5,64, 4125, 68373
5,68, 4151, 102538
5,46, 4171, 89221
5,73, 4198, 71991
5,54, 4221, 48948
5,76, 4248, 55846
5,62, 4271, 65551
5,87, 4304, 66251
5,54, 4325, 47218
5,30, 4340, 35679
5,75, 4369, 67151
5,93, 4400, 108435
5,71, 4426, 89491
5,89, 4460, 99498
5,68, 4490, 77694
5,66, 4517, 58204
5,71, 4542, 76390
5,79, 4572, 65659
5,38, 4588, 31889
5,60, 4613, 62864
5,75, 4644, 83241
5,28, 4656, 30528
5,63, 4679, 55142
5,37, 4696, 37025
5,74, 4726, 71333
5,58, 4749, 54979
5,51, 4770, 58137
6,177, 4820, 227205
6,116, 4855, 149122
6,139, 4898, 149972
6,194, 4955, 250676
6,134, 4998, 184660
6,185, 5057, 252741
6,162, 5104, 191691
6,145, 5150, 178238
6,167, 5194, 210618
6,132, 5235, 144182
6,132, 5274, 143971
6,157, 5321, 183724
6,179, 5374, 221509
6,180, 5420, 192166
6,208, 5477, 216334
6,187, 5533, 219880
6,164, 5584, 190709
6,199, 5640, 209317
6,216, 5694, 197282
6,166, 5738, 154360
6,174, 5795, 257527
6,184, 5850, 241435
6,188, 5905, 227669
6,181, 5952, 199984
6,216, 6012, 263015
6,150, 6054, 158098
6,212, 6116, 522804
6,186, 6176, 222855
6,199, 6223, 168283
6,147, 6260, 151914
6,159, 6304, 217693
6,147, 6348, 255624
6,169, 6400, 219313
6,182, 6459, 216675
6,150, 6503, 194024
6,151, 6546, 194420
6,94, 6581, 183363
6,203, 6629, 188560
6,178, 6682, 213666
6,168, 6733, 222957
6,212, 6796, 210429
6,184, 6851, 221096
6,142, 6893, 162170
6,192, 6946, 180783
6,147, 6988, 164091
6,222, 7054, 287988
6,152, 7100, 172361
6,232, 7167, 251619
6,116, 7211, 170242
6,208, 7269, 273993
6,192, 7324, 228185
6,109, 7351, 106257
6,192, 7404, 208314
6,182, 7460, 240010
6,70, 7485, 98980
6,189, 7542, 220498
6,151, 7582, 181234
6,148, 7621, 147078
6,147, 7666, 197602
6,118, 7698, 114818
6,131, 7738, 165720
6,195, 7796, 214558
6,147, 7835, 176473
6,204, 7900, 235235
6,147, 7947, 188144
6,182, 7999, 226370
6,229, 8058, 210551
6,153, 8097, 150633
6,179, 8147, 238683
6,178, 8193, 162974
6,164, 8241, 198006
6,174, 8294, 269462
6,194, 8348, 226688
6,198, 8401, 208858
6,162, 8440, 165236
6,142, 8488, 210837
6,176, 8540, 244937
6,167, 8586, 157865
6,145, 8625, 124608
6,200, 8671, 143737
6,154, 8730, 178159
6,223, 8796, 219564
6,130, 8840, 148312
6,113, 8883, 140771
6,142, 8930, 152497
6,220, 8995, 202904
6,176, 9049, 211130
6,158, 9098, 168041
6,136, 9143, 149184
6,148, 9186, 136679
6,84, 9211, 78357
6,152, 9260, 191493
6,144, 9302, 145048
6,128, 9336, 106829
6,163, 9376, 129304
6,179, 9423, 304823
6,230, 9484, 467588
6,174, 9529, 207751
6,125, 9566, 201705
6,119, 9600, 136221
7,392, 9693, 660951
7,465, 9803, 767420
7,290, 9876, 611270
7,343, 9972, 721953
7,520, 10096, 857492
7,351, 10182, 715081
7,427, 10281, 777474
7,469, 10396, 921522
7,375, 10483, 626919
7,312, 10554, 540901
7,403, 10652, 719005
7,228, 10704, 465853
7,325, 10776, 596279
7,323, 10852, 440492
7,347, 10934, 453896
7,323, 11014, 448999
7,480, 11140, 749369
7,265, 11208, 394313
7,209, 11262, 517941
7,355, 11353, 721531
7,341, 11431, 487850
7,456, 11538, 768261
7,444, 11640, 668688
7,476, 11749, 736695
7,388, 11845, 682424
7,440, 11950, 722763
7,503, 12075, 851906
7,252, 12134, 395980
7,400, 12235, 686481
7,446, 12340, 689199
7,356, 12427, 679901
7,400, 12524, 662621
7,541, 12653, 726659
7,453, 12761, 623743
7,427, 12857, 599810
7,472, 12967, 603961
7,281, 13029, 533608
7,491, 13150, 872698
7,379, 13237, 578354
7,327, 13308, 441217
7,417, 13408, 686644
7,400, 13509, 820469
7,448, 13623, 824815
7,300, 13695, 490221
7,379, 13784, 600541
7,207, 13830, 322548
7,327, 13906, 553546
7,407, 14003, 742431
7,577, 14141, 954050
7,307, 14221, 668148
7,376, 14311, 668112
7,522, 14440, 772553
7,399, 14540, 653782
7,425, 14643, 609829
7,355, 14734, 549827
7,301, 14795, 583288
7,450, 14893, 712560
7,420, 14991, 661403
7,388, 15083, 683342
7,339, 15164, 563010
7,335, 15237, 527878
7,337, 15314, 485745
7,484, 15430, 799155
7,351, 15519, 804086
7,248, 15582, 438367
7,411, 15692, 728778
7,468, 15803, 801133
7,372, 15897, 641247
7,496, 16010, 717498
7,540, 16151, 981920
7,493, 16260, 643294
7,388, 16348, 504065
7,404, 16440, 547005
7,541, 16560, 897253
7,459, 16676, 901809
7,498, 16790, 835824
7,388, 16878, 599959
7,424, 16983, 693975
7,353, 17056, 554321
7,406, 17148, 668217
7,505, 17261, 778223
7,355, 17340, 560733
7,387, 17436, 691546
7,343, 17518, 631626
7,354, 17610, 704464
7,400, 17712, 776339
7,448, 17820, 834842
7,463, 17932, 776101
7,421, 18028, 744250
7,277, 18093, 517557
7,485, 18201, 716434
7,430, 18308, 837787
7,453, 18414, 847948
7,433, 18515, 610184
7,299, 18584, 706427
7,398, 18685, 1003380
7,408, 18783, 902246
7,494, 18904, 868624
7,547, 19033, 993240
7,400, 19128, 623496
8,1038, 19299, 2272809
8,1067, 19481, 2323622
8,690, 19605, 1618714
8,801, 19744, 1926268
8,878, 19898, 1952135
8,779, 20031, 1685479
8,1083, 20217, 2552292
8,940, 20378, 1592536
8,711, 20511, 1738399
8,1047, 20682, 2125576
8,839, 20838, 2056604
8,727, 20965, 1634566
8,872, 21111, 1870345
8,882, 21264, 1831374
8,926, 21430, 2617153
8,876, 21593, 2167150
8,1160, 21787, 3618752
8,1073, 21973, 2604580
8,1208, 22203, 2637342
8,881, 22349, 2072463
8,998, 22511, 2344006
8,821, 22648, 1955367
8,924, 22793, 1999657
8,954, 22941, 2090778
8,1171, 23143, 2170638
8,819, 23294, 1878131
8,947, 23461, 2246279
8,925, 23608, 2054100
8,792, 23748, 2060223
8,926, 23893, 1863982
8,858, 24044, 1883693
8,650, 24153, 1552567
8,913, 24306, 1906839
8,759, 24435, 1438840
8,846, 24568, 1803121
8,708, 24689, 1648846
8,741, 24809, 1290576
8,778, 24939, 1484022
8,1158, 25128, 2548657
8,868, 25276, 2033206
8,1076, 25456, 2498103
8,1365, 25678, 2701766
8,1179, 25865, 2135875
8,1132, 26054, 2521719
8,1137, 26232, 2547640
8,1061, 26414, 2299107
8,1273, 26637, 2439266
8,974, 26805, 2256039
8,956, 26955, 1928677
8,1169, 27142, 2207263
8,1086, 27311, 2015103
8,1481, 27543, 2658929
8,891, 27702, 1851501
8,872, 27854, 2093493
8,1111, 28061, 2708774
8,886, 28196, 1515872
8,897, 28357, 1941000
8,944, 28525, 2089834
8,826, 28664, 2029052
8,1102, 28852, 2219124
8,979, 29020, 2034908
8,730, 29158, 1862567
8,1230, 29383, 2849765
8,706, 29503, 1885760
8,868, 29656, 1906136
8,678, 29780, 1566889
8,518, 29877, 1081103
8,831, 30017, 1796435
8,800, 30159, 1687015
8,708, 30287, 1641738
8,1165, 30492, 2538698
8,1105, 30666, 1939433
8,1213, 30872, 2533941
8,1356, 31131, 3156876
8,1082, 31320, 2445764
8,1051, 31495, 2161243
8,1041, 31646, 1828592
8,991, 31805, 1917422
8,895, 31952, 1910598
8,1110, 32146, 2320030
8,810, 32272, 1768988
8,505, 32360, 1163559
8,1019, 32535, 2155696
8,719, 32657, 1390587
8,677, 32777, 1491498
8,1058, 32960, 2185298
8,951, 33124, 2352487
8,871, 33267, 1876793
8,628, 33369, 1223643
8,967, 33520, 1963404
8,1439, 33758, 2679355
8,958, 33915, 2105879
8,922, 34058, 1838750
8,884, 34203, 1769079
8,944, 34358, 1884265
8,1146, 34554, 2486153
8,852, 34707, 1639545
8,876, 34849, 1797017
8,1146, 35047, 2526998
8,1024, 35207, 1966072
9,2359, 35543, 9039515
9,1942, 35799, 6278555
9,1611, 36024, 5129250
9,2413, 36339, 7010171
9,2233, 36640, 7665154
9,1793, 36867, 5341577
9,1471, 37064, 4713559
9,1921, 37318, 5573900
9,1896, 37570, 5502676
9,1427, 37764, 4692487
9,2218, 38070, 6516473
9,2287, 38386, 7999201
9,2271, 38694, 7345458
9,1323, 38877, 4237093
9,1545, 39079, 4901688
9,1340, 39259, 3805624
9,1736, 39490, 4903328
9,1773, 39735, 7605216
9,2188, 40019, 6603967
9,2071, 40287, 5900552
9,2324, 40594, 7320292
9,1874, 40858, 6829812
9,2017, 41135, 6933280
9,2417, 41434, 7305034
9,1462, 41640, 4558623
9,2028, 41917, 5845558
9,1857, 42174, 6385927
9,1884, 42437, 6121957
9,2676, 42784, 7574309
9,2376, 43116, 7030328
9,1376, 43305, 4221805
9,2152, 43595, 7753224
9,1832, 43841, 5448943
9,2152, 44117, 6138795
9,1805, 44374, 6224705
9,2577, 44703, 8337827
9,2329, 45041, 8322813
9,2570, 45398, 9996569
9,2543, 45739, 7791989
9,1320, 45931, 4802302
9,2335, 46238, 7549606
9,1736, 46469, 5180554
9,1870, 46736, 7115318
9,2042, 47004, 6568704
9,2503, 47355, 8478151
9,2778, 47725, 8638904
9,2422, 48050, 7470221
9,2038, 48334, 6763300
9,2726, 48726, 9344358
9,2771, 49106, 8518455
9,1940, 49369, 6360710
9,2190, 49665, 6504559
9,2514, 50025, 7799264
9,2498, 50360, 7250584
9,1766, 50601, 5873694
9,1627, 50832, 4874550
9,2138, 51115, 7002312
9,2808, 51497, 8225703
9,2241, 51798, 6364222
9,1215, 51966, 4102395
9,1620, 52184, 4737860
9,2039, 52458, 6182485
9,2089, 52743, 6755916
9,1885, 52991, 5581891
9,1103, 53134, 3605034
9,1576, 53336, 4402724
9,2583, 53677, 8195987
9,1642, 53897, 4702678
9,2243, 54206, 7996371
9,1847, 54455, 6490796
9,1791, 54710, 6425889
9,2043, 54981, 6928619
9,1424, 55159, 3948335
9,2052, 55438, 6633855
9,2548, 55770, 8150182
9,2453, 56093, 6833091
9,2046, 56390, 6541795
9,1925, 56636, 5563294
9,2520, 56952, 7276167
9,1862, 57183, 5607026
9,2515, 57526, 7448723
9,1833, 57765, 5795999
9,2054, 58038, 7483835
9,1851, 58295, 6524012
9,3206, 58735, 11327076
9,2779, 59094, 11826571
9,2266, 59412, 9620522
9,2566, 59737, 10952001
9,2563, 60086, 9327677
9,1617, 60317, 5636284
9,1859, 60559, 5580934
9,2269, 60879, 7552879
9,2604, 61224, 7962745
9,2296, 61548, 8301873
9,1075, 61687, 3609575
9,2242, 61998, 7684570
9,2433, 62344, 7840271
9,1469, 62536, 4211280
9,1686, 62756, 4766605
9,1680, 62971, 5339915
10,3916, 63353, 17109893
10,4413, 63768, 20109919
10,5032, 64241, 24621574
10,3678, 64603, 19098000
10,4198, 65012, 20266726
10,5405, 65514, 24906382
10,4732, 65966, 23813861
10,4635, 66391, 19224666
10,5973, 66937, 24318632
10,3989, 67323, 17229447
10,4385, 67721, 17829993
10,4166, 68118, 20095863
10,5258, 68628, 24020961
10,4570, 69063, 20494487
10,4238, 69466, 20199804
10,5195, 69925, 21926187
10,4466, 70336, 20617058
10,4411, 70758, 18472295
10,3757, 71106, 16851486
10,5482, 71606, 23591708
10,3517, 71930, 15142403
10,4223, 72332, 17738349
10,5274, 72817, 22563885
10,4996, 73273, 20592922
10,5611, 73825, 26219853
10,5178, 74338, 23705114
10,4040, 74713, 21030741
10,3802, 75068, 17676635
10,4692, 75529, 22983823
10,5538, 76060, 25929239
10,4465, 76473, 17956893
10,3601, 76798, 15392892
10,3662, 77146, 18154921
10,2970, 77431, 13817578
10,5549, 77957, 25112794
10,3230, 78253, 13449452
10,4080, 78636, 17363483
10,4264, 79025, 19636757
10,5824, 79558, 27268892
10,3569, 79915, 15715282
10,4571, 80334, 18677999
10,3656, 80681, 15500873
10,3961, 81049, 16741232
10,3995, 81413, 16620779
10,4819, 81874, 23757360
10,5031, 82331, 23304705
10,2986, 82622, 12805610
10,4515, 83054, 19842398
10,4238, 83474, 20722540
10,4627, 83901, 21845593
10,5221, 84364, 22738550
10,3854, 84734, 16497474
10,3683, 85090, 15649497
10,4699, 85519, 19919405
10,4349, 85915, 19706929
10,4091, 86299, 16376544
10,4771, 86760, 20475534
10,3559, 87074, 14881481
10,4743, 87520, 21022501
10,4842, 87978, 21213972
10,4140, 88372, 20150059
10,3920, 88730, 16774598
10,3455, 89061, 15900820
10,4434, 89473, 19811534
10,2455, 89715, 12717052
10,4817, 90150, 21988504
10,3801, 90499, 20787338
10,6206, 91094, 27580679
10,3899, 91454, 16622043
10,4821, 91926, 24265668
10,4513, 92339, 19816839
10,3069, 92625, 14369769
10,5473, 93123, 25861233
10,5470, 93646, 25620923
10,4485, 94062, 22199858
10,4858, 94519, 22026388
10,3244, 94818, 14532628
10,5478, 95361, 37330380
10,5313, 95850, 36152779
10,4739, 96273, 24241442
10,5700, 96812, 32187310
10,4290, 97214, 21759881
10,4139, 97599, 24015512
10,4535, 98015, 20091856
10,3457, 98334, 15422998
10,5049, 98797, 23665195
10,4406, 99193, 18327768
10,2704, 99435, 11504794
10,3903, 99809, 19575607
10,4683, 100258, 23103304
10,3671, 100592, 17933558
10,4770, 101030, 18950882
10,5143, 101505, 22985744
10,4670, 101940, 20545018
10,4654, 102356, 19095185
10,4516, 102776, 23424911
10,4523, 103223, 22490192
10,4551, 103658, 20965839
10,4297, 104054, 16908743
10,3171, 104355, 13640593
11,12464, 105239, 97938712
11,12645, 106139, 91595920
11,14028, 107142, 102708873
11,11662, 107972, 83611512
11,10837, 108754, 81929176
11,9397, 109415, 68661817
11,10208, 110140, 80394616
11,12018, 111008, 89616992
11,11435, 111828, 83142515
11,8950, 112477, 67022408
11,8982, 113107, 93930783
11,11814, 113967, 96374931
11,9667, 114689, 73287914
11,10522, 115436, 78169907
11,8965, 116073, 63436738
11,10955, 116861, 79104406
11,10970, 117658, 81031360
11,14445, 118671, 110203868
11,11838, 119523, 98745254
11,8929, 120160, 57819525
11,9946, 120864, 68090676
11,11750, 121712, 91431354
11,9464, 122390, 72747035
11,11405, 123213, 86432846
11,8597, 123880, 78924489
11,9977, 124621, 84731416
11,10185, 125366, 89072706
11,7331, 125897, 53795623
11,9225, 126551, 70457180
11,9633, 127239, 67918356
11,7789, 127773, 56322627
11,6619, 128243, 51478448
11,9860, 128949, 82810668
11,9970, 129706, 89835621
11,11461, 130532, 89687223
11,7847, 131086, 59746440
11,8877, 131712, 75725824
11,9929, 132481, 98208186
11,7223, 133014, 53182853
11,12575, 133913, 104085342
11,10695, 134665, 89032599
11,8599, 135275, 63766174
11,8558, 135897, 64467877
11,8028, 136480, 60937467
11,8349, 137067, 61798225
11,10498, 137817, 74507542
11,8331, 138460, 65036885
11,10128, 139219, 84536302
11,8533, 139848, 65359439
11,10427, 140602, 73901685
11,10319, 141361, 75882183
11,10733, 142160, 81825642
11,9856, 142888, 72306804
11,10665, 143696, 97725560
11,11066, 144525, 93230529
11,9990, 145221, 69348718
11,10740, 145971, 80890896
11,12811, 146906, 98170832
11,8303, 147519, 62428325
11,9550, 148188, 63115174
11,9019, 148809, 72188533
11,11222, 149615, 95036622
11,12381, 150484, 114579100
11,11055, 151346, 106325409
11,7035, 151869, 62724162
11,9919, 152601, 103623052
11,11133, 153396, 111315587
11,8398, 154012, 73197693
11,8370, 154604, 73189432
11,9700, 155284, 83778487
11,10032, 156046, 75867245
11,12913, 156950, 106241308
11,9582, 157621, 84455099
11,8332, 158222, 76599028
11,7958, 158788, 52022769
11,9233, 159419, 90398739
11,8920, 160057, 88113658
11,13457, 161031, 101051549
11,9118, 161697, 67346315
11,12745, 162664, 94681214
11,12896, 163581, 91172898
11,9631, 164285, 77320961
11,9303, 164974, 73560467
11,10015, 165699, 81576425
11,11556, 166548, 85974357
11,12522, 167444, 88122679
11,10001, 168168, 70944721
11,10643, 168934, 76089925
11,12970, 169864, 92493921
11,9896, 170523, 70557681
11,10801, 171322, 77420749
11,11470, 172163, 95799048
11,9048, 172819, 66451946
11,7031, 173292, 50140300
11,12464, 174218, 102477254
11,10073, 174951, 87135587
11,9198, 175618, 76570229
11,9048, 176246, 71062705
11,11522, 177038, 102455584
11,10436, 177778, 99632950
12,24640, 179059, 298433847
12,26484, 180360, 305326742
12,21472, 181425, 255689048
12,26251, 182737, 306159750
12,19838, 183721, 246960661
12,25769, 185014, 296716537
12,24144, 186194, 265126008
12,25167, 187431, 264178750
12,20855, 188428, 229194215
12,19668, 189428, 238464253
12,17904, 190339, 210948306
12,24378, 191548, 265334226
12,24529, 192799, 282093806
12,21065, 193883, 262198009
12,24013, 195068, 270691155
12,15741, 195865, 199253660
12,24274, 197016, 256627913
12,20609, 198082, 236772476
12,24156, 199287, 268714992
12,20452, 200319, 246134488
12,20262, 201289, 223995545
12,23513, 202477, 289799903
12,23950, 203673, 264621981
12,15810, 204436, 168011105
12,17626, 205306, 200869582
12,25020, 206541, 298950367
12,22771, 207678, 258739150
12,25523, 208958, 294226489
12,23880, 210131, 255365142
12,28567, 211541, 333134828
12,23696, 212689, 280792125
12,22615, 213779, 251597947
12,24348, 214983, 258090251
12,22442, 216076, 233067889
12,16670, 216912, 199602301
12,28797, 218338, 352906107
12,22846, 219481, 265074769
12,22051, 220547, 250042201
12,19040, 221495, 211427778
12,21483, 222553, 269659003
12,25257, 223757, 265533631
12,27261, 225108, 293250981
12,28380, 226492, 329327554
12,18779, 227412, 215993141
12,22198, 228518, 257498079
12,24366, 229730, 286756612
12,24192, 230899, 265448562
12,20895, 231966, 233465103
12,26605, 233276, 323160497
12,22659, 234477, 268302267
12,28502, 235868, 302987236
12,23829, 237058, 263213864
12,24785, 238280, 281659717
12,23671, 239455, 286905159
12,26985, 240780, 289936568
12,25471, 242056, 289039929
12,19896, 243039, 221729603
12,18639, 243973, 212878507
12,20312, 244970, 214459097
12,26614, 246321, 297142670
12,24749, 247554, 306484485
12,22036, 248691, 238629462
12,19917, 249681, 235561039
12,19480, 250685, 213259973
12,13879, 251407, 163589700
12,21581, 252519, 237029483
12,21192, 253570, 245876240
12,26268, 254883, 300239683
12,24601, 256072, 294352485
12,32073, 257673, 349049658
12,19722, 258661, 209750637
12,22966, 259796, 238865742
12,28110, 261230, 305486141
12,25250, 262494, 280247254
12,24723, 263737, 264460107
12,22227, 264847, 258118684
12,18444, 265764, 219050905
12,20879, 266798, 199505218
12,16098, 267562, 166732157
12,24230, 268798, 266222856
12,12857, 269439, 136688681
12,25971, 270710, 279661612
12,16382, 271557, 188338121
12,26749, 272918, 340986874
12,20212, 273919, 203693302
12,22907, 275029, 240839151
12,23965, 276205, 274891613
12,22193, 277292, 260276290
12,21726, 278356, 236044091
12,17607, 279245, 195312883
12,20439, 280219, 220781979
12,18083, 281083, 203901047
12,22133, 282162, 273047056
12,27923, 283542, 314726238
12,24672, 284750, 262091863
12,22749, 285865, 262510989
12,16782, 286710, 213704493
12,23362, 287875, 266972709
12,19858, 288912, 271771342
12,19267, 289855, 220438748
13,47690, 291697, 1099956642
13,37575, 293157, 912173830
13,52085, 295114, 1089919280
13,38683, 296594, 848916603
13,39269, 298095, 814478407
13,47682, 299936, 1083909050
13,53377, 302003, 1052705880
13,45805, 303758, 976902959
13,53458, 305832, 1105915614
13,49921, 307789, 1135189737
13,36688, 309183, 788813960
13,46198, 310888, 972783410
13,41852, 312446, 929714340
13,51503, 314415, 1075922551
13,49988, 316297, 1101911633
13,58204, 318523, 1378700652
13,56821, 320667, 1278138616
13,38386, 322129, 884254826
13,47902, 323916, 1050570388
13,51649, 325845, 1153994558
13,41407, 327399, 933043222
13,63020, 329814, 1322130769
13,48966, 331688, 976380530
13,53479, 333748, 1151233736
13,43526, 335409, 961659765
13,48569, 337235, 964920343
13,51532, 339169, 1066321714
13,47222, 340982, 969831760
13,47662, 342826, 1003588432
13,57997, 344985, 1328734670
13,46061, 346742, 1075749606
13,32187, 347976, 734261017
13,59180, 350260, 1422950094
13,46645, 352065, 1171651360
13,50695, 353997, 1018794284
13,52549, 355978, 1037874581
13,53766, 357997, 1189028335
13,35183, 359334, 711899074
13,45753, 361072, 1040823773
13,45767, 362823, 934346775
13,39634, 364317, 880539175
13,48891, 366180, 1098010979
13,42972, 367797, 1034645949
13,43690, 369446, 943441665
13,38532, 370916, 888649313
13,48481, 372784, 1102689187
13,46123, 374513, 1040326388
13,50826, 376488, 1092478692
13,55803, 378670, 1198988201
13,48977, 380571, 1078340391
13,58914, 382814, 1303632059
13,59308, 385074, 1366832861
13,37156, 386458, 893343196
13,39354, 387967, 891540905
13,47905, 389863, 1108985726
13,59699, 392060, 1268763288
13,57227, 394181, 1213529482
13,35457, 395574, 846218609
13,44127, 397302, 1025575580
13,54334, 399395, 1222251434
13,44537, 401053, 1004124869
13,57995, 403196, 1269850504
13,51640, 405158, 1227187634
13,57523, 407373, 1364601856
13,38806, 408815, 932389855
13,42925, 410454, 1086323708
13,52841, 412507, 1284274792
13,37572, 413930, 843473176
13,57536, 416175, 1338800834
13,52455, 418186, 1243743995
13,51122, 420070, 1162534719
13,40696, 421644, 917301735
13,48223, 423504, 1121928939
13,48736, 425348, 1045981281
13,65012, 427788, 1535885346
13,43576, 429470, 986883119
13,42788, 431094, 994775791
13,46004, 432890, 977817945
13,61958, 435242, 1453777004
13,43538, 436902, 1011131265
13,50334, 438827, 1109284735
13,46865, 440601, 1066754228
13,53894, 442654, 1251720783
13,44293, 444333, 967282446
13,52326, 446308, 1214919416
13,45296, 448019, 1002350172
13,52004, 450000, 1206696253
13,54868, 452106, 1197540501
13,47376, 453903, 1035019865
13,38188, 455362, 801823123
13,45907, 457096, 1071417605
13,39828, 458557, 887833307
13,53492, 460562, 1225179145
13,39167, 462050, 941971134
13,39219, 463554, 932643515
13,54050, 465660, 1340914003
13,46530, 467399, 1049500289
13,45960, 469152, 1055619638
13,45494, 470913, 1130091393
13,47247, 472742, 1123464877
14,104136, 475443, 3500215779
14,92188, 477823, 3030686293
14,122925, 480999, 3893269344
14,109047, 483776, 3425239404
14,70060, 485532, 2263479789
14,108609, 488344, 3592447889
14,70127, 490154, 2438817056
14,100436, 492714, 3158823338
14,97155, 495244, 3226632746
14,72812, 497103, 2453989200
14,91978, 499458, 2918421921
14,101152, 502039, 3453210162
14,113810, 504951, 3505717145
14,125755, 508224, 4096024575
14,89429, 510494, 2896203283
14,107321, 513287, 3747406070
14,97871, 515810, 3470205333
14,82777, 517876, 2710555766
14,106539, 520617, 3100076095
14,80504, 522660, 2769039536
14,104292, 525333, 3417709699
14,116107, 528322, 3936860907
14,111206, 531174, 3631012392
14,100548, 533693, 3137139477
14,119496, 536782, 3634294700
14,83298, 538917, 2797074245
14,119456, 541966, 3767036090
14,116382, 545035, 3885562764
14,115046, 547940, 3583897416
14,110034, 550752, 3292398145
14,103720, 553405, 3625540465
14,84324, 555630, 2900143540
14,125512, 558914, 4515431187
14,102130, 561629, 3805733629
14,94251, 564070, 3176897436
14,91071, 566432, 2851011269
14,97130, 568952, 3107368328
14,101318, 571548, 3322385004
14,109214, 574385, 3788131490
14,94297, 576856, 3257728811
14,90408, 579163, 3077524925
14,92712, 581527, 3069492713
14,113877, 584518, 3711364894
14,101847, 587083, 3290210073
14,90491, 589400, 3164336336
14,125949, 592710, 4339338831
14,83802, 594893, 2686525825
14,94532, 597315, 2980483435
14,93607, 599704, 3230929679
14,110014, 602538, 3933670805
14,137227, 606110, 4443583393
14,110774, 608978, 3930242008
14,121199, 612179, 4185645250
14,138256, 615815, 4719978661
14,104055, 618456, 3467889327
14,103417, 621125, 3383767261
14,90207, 623499, 3227329903
14,110930, 626383, 3581443426
14,97785, 628886, 3200793746
14,108841, 631602, 3700936280
14,115555, 634641, 4002103670
14,114151, 637557, 3537110661
14,107249, 640334, 3561547621
14,98998, 642894, 3325969347
14,122784, 646064, 3924900279
14,108745, 648835, 3770343578
14,95862, 651303, 3062098867
14,123411, 654528, 4090609332
14,117482, 657570, 3987714645
14,72447, 659433, 2414707000
14,93792, 661824, 3158537216
14,77243, 663815, 2670058794
14,113868, 666738, 3844408326
14,96085, 669213, 3300206241
14,76929, 671204, 2651603968
14,122361, 674337, 4344723044
14,77358, 676334, 2456404946
14,104910, 679110, 3670527069
14,108235, 681843, 3547863061
14,92719, 684224, 3167258874
14,110678, 687086, 3592309680
14,102342, 689775, 3297073486
14,92470, 692178, 3213563597
14,109794, 694977, 3936436122
14,121744, 698120, 3771219040
14,84072, 700299, 2846781637
14,102963, 702879, 3355745994
14,104488, 705562, 3365042471
14,105996, 708299, 3625172557
14,105253, 711001, 3298305322
14,133820, 714445, 4131957720
14,90972, 716854, 2988593364
14,103001, 719521, 3448528036
14,104969, 722282, 3529750071
14,86708, 724487, 2850961313
14,106143, 727243, 3498223970
14,96246, 729728, 3413339262
14,103782, 732401, 3847155690
14,113596, 735337, 3585922054
14,126462, 738527, 4040197162
15,269598, 743894, 15688912828
15,251940, 748915, 14108916309
15,231243, 753543, 12694875877
15,220528, 757904, 12680093147
15,242888, 762627, 13697145370
15,242806, 767398, 12636731380
15,204602, 771355, 10834900944
15,230687, 775865, 13126433765
15,263360, 781095, 18120919341
15,179832, 784567, 12604397410
15,195658, 788391, 13853575955
15,227641, 792852, 15079497910
15,202995, 796818, 12558826835
15,262119, 802051, 17671723018
15,212418, 806320, 12465987972
15,234540, 811019, 13763256199
15,255765, 816108, 14861236039
15,200229, 820097, 13018781235
15,209020, 824263, 12026829672
15,185553, 827824, 10566636893
15,207142, 831982, 11264118005
15,208933, 836176, 12652904725
15,204754, 840264, 13271494591
15,269323, 845538, 18099255694
15,239264, 850170, 12995776327
15,219867, 854436, 12045374687
15,233582, 859130, 14566033273
15,231208, 863583, 13640134817
15,218426, 867848, 12355075073
15,212305, 871923, 11748204487
15,265088, 877084, 16076882038
15,195929, 880931, 12116064254
15,199095, 884826, 11258258368
15,227049, 889259, 11067009488
15,215668, 893570, 12136250017
15,273084, 898948, 16739428262
15,174374, 902319, 10008327664
15,196972, 906225, 11578635002
15,247174, 911084, 15062545498
15,167727, 914416, 8881186758
15,217714, 918724, 14356685691
15,254940, 923791, 14850825523
15,185351, 927395, 11311749033
15,242049, 932138, 14514583099
15,222620, 936478, 12579131224
15,225534, 940833, 13114837058
15,228599, 945270, 14394486268
15,227759, 949673, 13215391602
15,249319, 954541, 15438180417
15,235720, 959123, 13551576998
15,218479, 963448, 12138358683
15,199618, 967333, 10871478170
15,196021, 971090, 10158877005
15,239745, 975775, 12795131611
15,220306, 980092, 12866308055
15,262991, 985379, 14263626158
15,188411, 989105, 10417007186
15,207305, 993153, 10667913091
15,259026, 998248, 13181741926
15,244971, 1003118, 14453420861
15,244346, 1008007, 13741240512
15,224268, 1012427, 13423926946
15,210111, 1016612, 12222801156
15,256365, 1021697, 15310718889
15,220248, 1025967, 12828473335
15,253655, 1030942, 13301419498
15,246194, 1035765, 13009578148
15,223135, 1040184, 11566315495
15,280025, 1045667, 15896611445
15,224584, 1050101, 11860502402
15,236167, 1054689, 11626433405
15,260500, 1059786, 12924413260
15,222119, 1064176, 12574418458
15,233396, 1068755, 12918477223
15,243372, 1073576, 14082493635
15,197634, 1077504, 11110786087
15,178951, 1081046, 10085216059
15,274200, 1086479, 17005839673
15,226401, 1090898, 13860027836
15,233517, 1095560, 13255837592
15,264979, 1100837, 15716974099
15,214944, 1105102, 13168736650
15,148922, 1108068, 8651638244
15,181973, 1111637, 10240801178
15,245929, 1116425, 14425930975
15,247891, 1121407, 13940951729
15,218961, 1125669, 13944172260
15,198531, 1129561, 10190156728
15,242200, 1134260, 15404089075
15,214058, 1138474, 11585231715
15,242276, 1143252, 13702033808
15,201942, 1147141, 10647876877
15,250434, 1152118, 13846713019
15,246210, 1156976, 13236573815
15,210514, 1161131, 11657682938
15,243577, 1165916, 13487979937
15,252599, 1170959, 14657493303
15,210419, 1175066, 12231026698
15,211600, 1179234, 11085897041
15,248970, 1184106, 15026688242
16,499887, 1190768, 49655703474
16,478709, 1196975, 46153699304
16,497080, 1203591, 52715559116
16,547884, 1210805, 51891785014
16,556995, 1218183, 56971601133
16,473352, 1224551, 47849486851
16,461782, 1230609, 44607658341
16,599625, 1238574, 58989054417
16,603657, 1246516, 54983496946
16,461233, 1252613, 41323544036
16,516647, 1259407, 51265027017
16,393821, 1264629, 35439554530
16,538277, 1271744, 58950006337
16,429740, 1277555, 46354049204
16,453424, 1283555, 46618185528
16,552696, 1290763, 57403111095
16,471393, 1297091, 48323403096
16,536086, 1304193, 52332021379
16,415877, 1309690, 42292026330
16,511202, 1316466, 52534248687
16,490525, 1322956, 48623506669
16,468935, 1329163, 47278758770
16,524923, 1336152, 58423167006
16,517529, 1343060, 56972805028
16,470493, 1349228, 51094351609
16,393625, 1354383, 44469410612
16,405187, 1359772, 41957624867
16,518500, 1366568, 52324999677
16,467449, 1372784, 53757976133
16,496428, 1379411, 50175136210
16,509028, 1386103, 48225878657
16,487356, 1392563, 51700116027
16,473656, 1398881, 55361962137
16,382406, 1403897, 38198044414
16,437861, 1409673, 43730769432
16,496391, 1416283, 57270364560
16,542098, 1423328, 56352229638
16,342745, 1427886, 40205985815
16,461396, 1433896, 51402834459
16,605546, 1441919, 65120994703
16,519810, 1448821, 54136386013
16,409972, 1454327, 48073842414
16,528905, 1461334, 55917997198
16,415889, 1466721, 45972126191
16,393528, 1471992, 43687388793
16,379600, 1476995, 40351062160
16,562660, 1484386, 61676123017
16,538919, 1491430, 56362069007
16,570153, 1498855, 60606269992
16,486375, 1505313, 55814126905
16,424389, 1510971, 45325771750
16,504009, 1517603, 54410386984
16,550282, 1524972, 60684192214
16,441123, 1530797, 48751616197
16,519251, 1537650, 57713745029
16,432565, 1543406, 49707410037
16,435638, 1549224, 45534251773
16,517794, 1556007, 50674706879
16,377440, 1560995, 38404812162
16,527516, 1568045, 59338499965
16,467818, 1574374, 51466879253
16,517193, 1581252, 59944633231
16,376188, 1586052, 39743856293
16,419933, 1591588, 43565453660
16,527702, 1598608, 55002674401
16,474808, 1604902, 49063235778
16,416898, 1610337, 46297326024
16,528037, 1617316, 53616586621
16,637228, 1625664, 65068023954
16,577000, 1633350, 65141975155
16,513080, 1640069, 52028919749
16,492944, 1646622, 50551137756
16,429848, 1652403, 48807937182
16,503687, 1659137, 54310312461
16,538280, 1666233, 54122247643
16,550557, 1673585, 57315481791
16,583953, 1681429, 64814444820
16,430595, 1687175, 44515908504
16,465407, 1693401, 50085126221
16,485053, 1699806, 51920311003
16,516993, 1706602, 59470425339
16,405862, 1711975, 41692293834
16,464688, 1718165, 53361985762
16,583306, 1725974, 63698239302
16,521547, 1732949, 56180478710
16,424658, 1738619, 45804578177
16,514784, 1745427, 55004005000
16,465650, 1751622, 47662792367
16,416761, 1757083, 46902532042
16,461597, 1763202, 50705320739
16,465614, 1769231, 49716692435
16,461024, 1775436, 47897625525
16,420888, 1781029, 42762079315
16,601096, 1789018, 62968860100
16,513277, 1795850, 55225525090
16,384170, 1800906, 43468186392
16,550759, 1808166, 54514713222
16,402584, 1813545, 44998310688
16,466865, 1819735, 46290168551
16,372277, 1824601, 41443320630
