k, i, matches, time
3, 1, 5, 3112
3, 1, 7, 1842
3, 1, 4, 2387
3, 1, 6, 1969
3, 1, 5, 2049
3, 1, 6, 1948
3, 1, 6, 1868
3, 1, 5, 2079
3, 1, 5, 2101
3, 1, 4, 2094
3, 1, 5, 2182
3, 1, 6, 1879
3, 1, 5, 1981
3, 1, 6, 1694
3, 1, 6, 1737
3, 1, 6, 1764
3, 1, 4, 2286
3, 1, 4, 2243
3, 1, 3, 2420
3, 1, 5, 1885
3, 1, 6, 1861
3, 1, 4, 2082
3, 1, 6, 1774
3, 1, 5, 2028
3, 1, 6, 1719
3, 1, 4, 2191
3, 1, 4, 2123
3, 1, 4, 2181
3, 1, 4, 2123
3, 1, 5, 1872
3, 1, 7, 1795
3, 1, 4, 2215
3, 1, 6, 1859
3, 1, 4, 2000
3, 1, 6, 1664
3, 1, 6, 1788
3, 1, 5, 1933
3, 1, 5, 1837
3, 1, 6, 1734
3, 1, 5, 1992
3, 1, 6, 1727
3, 1, 5, 2016
3, 1, 5, 1990
3, 1, 5, 1915
3, 1, 3, 2358
3, 1, 5, 1931
3, 1, 5, 1860
3, 1, 6, 1713
3, 1, 5, 1942
3, 1, 4, 2297
3, 1, 6, 1757
3, 1, 5, 1818
3, 1, 6, 1697
3, 1, 5, 1979
3, 1, 5, 2035
3, 1, 5, 1942
3, 1, 3, 2252
3, 1, 4, 2059
3, 1, 5, 1856
3, 1, 5, 1887
3, 1, 6, 1667
3, 1, 4, 2071
3, 1, 6, 2186
3, 1, 4, 5117
3, 1, 3, 2255
3, 1, 5, 1849
3, 1, 3, 2217
3, 1, 4, 1995
3, 1, 5, 1884
3, 1, 3, 2260
3, 1, 4, 2127
3, 1, 4, 2005
3, 1, 6, 1651
3, 1, 6, 1674
3, 1, 6, 1736
3, 1, 4, 5306
3, 1, 4, 2125
3, 1, 4, 2047
3, 1, 5, 2013
3, 1, 4, 2137
3, 1, 5, 1852
3, 1, 5, 2149
3, 1, 5, 1844
3, 1, 5, 1906
3, 1, 5, 1874
3, 1, 6, 1860
3, 1, 4, 2195
3, 1, 5, 1918
3, 1, 4, 2190
3, 1, 4, 1995
3, 1, 6, 1793
3, 1, 4, 2203
3, 1, 5, 1929
3, 1, 6, 1820
3, 1, 4, 2186
3, 1, 6, 1709
3, 1, 5, 1867
3, 1, 4, 1993
3, 1, 6, 1651
3, 1, 4, 2118
3, 2, 7, 13194
3, 2, 7, 3606
3, 2, 6, 4660
3, 2, 5, 4377
3, 2, 6, 3691
3, 2, 7, 3377
3, 2, 7, 4186
3, 2, 7, 4493
3, 2, 7, 3927
3, 2, 6, 4343
3, 2, 7, 3580
3, 2, 6, 3836
3, 2, 6, 3826
3, 2, 6, 3735
3, 2, 6, 4127
3, 2, 7, 2846
3, 2, 7, 4177
3, 2, 7, 3375
3, 2, 7, 3783
3, 2, 7, 3537
3, 2, 6, 17661
3, 2, 7, 3747
3, 2, 5, 4478
3, 2, 7, 2707
3, 2, 7, 3591
3, 2, 6, 4115
3, 2, 7, 2884
3, 2, 7, 8521
3, 2, 7, 3622
3, 2, 7, 2417
3, 2, 7, 2898
3, 2, 6, 3992
3, 2, 6, 5389
3, 2, 7, 3438
3, 2, 6, 4399
3, 2, 7, 3033
3, 2, 6, 3978
3, 2, 7, 3220
3, 2, 6, 3360
3, 2, 6, 3903
3, 2, 6, 3738
3, 2, 6, 5027
3, 2, 7, 3969
3, 2, 6, 5651
3, 2, 7, 3954
3, 2, 7, 4667
3, 2, 6, 3460
3, 2, 6, 4127
3, 2, 6, 3441
3, 2, 6, 4139
3, 2, 6, 3498
3, 2, 6, 3804
3, 2, 5, 3332
3, 2, 7, 3458
3, 2, 7, 2537
3, 2, 7, 7049
3, 2, 6, 3853
3, 2, 6, 3919
3, 2, 7, 3272
3, 2, 7, 3561
3, 2, 7, 3724
3, 2, 7, 3457
3, 2, 7, 3863
3, 2, 7, 2460
3, 2, 7, 3774
3, 2, 7, 3084
3, 2, 7, 3198
3, 2, 7, 2646
3, 2, 6, 3566
3, 2, 7, 4580
3, 2, 6, 3806
3, 2, 5, 4672
3, 2, 6, 3738
3, 2, 6, 2808
3, 2, 7, 2729
3, 2, 7, 2912
3, 2, 7, 2655
3, 2, 6, 3915
3, 2, 6, 3242
3, 2, 6, 3514
3, 2, 5, 5134
3, 2, 6, 4806
3, 2, 7, 2450
3, 2, 7, 3078
3, 2, 7, 3509
3, 2, 6, 3917
3, 2, 7, 3091
3, 2, 7, 3368
3, 2, 6, 3837
3, 2, 7, 2849
3, 2, 7, 3389
3, 2, 6, 6370
3, 2, 6, 4502
3, 2, 6, 4101
3, 2, 6, 3790
3, 2, 6, 3377
3, 2, 7, 3628
3, 2, 6, 3884
3, 2, 7, 3704
3, 2, 7, 2736
3, 3, 7, 5912
3, 3, 7, 5439
3, 3, 7, 5898
3, 3, 7, 5372
3, 3, 7, 4282
3, 3, 7, 4988
3, 3, 7, 5893
3, 3, 7, 5311
3, 3, 7, 7641
3, 3, 7, 6016
3, 3, 7, 5221
3, 3, 7, 5393
3, 3, 7, 4842
3, 3, 7, 4372
3, 3, 6, 5908
3, 3, 7, 5164
3, 3, 7, 5017
3, 3, 7, 4407
3, 3, 7, 4435
3, 3, 7, 4761
3, 3, 7, 4892
3, 3, 7, 4282
3, 3, 6, 5667
3, 3, 7, 5046
3, 3, 7, 10376
3, 3, 6, 5471
3, 3, 7, 5214
3, 3, 7, 4705
3, 3, 7, 4499
3, 3, 7, 3965
3, 3, 7, 4889
3, 3, 6, 5495
3, 3, 7, 4379
3, 3, 7, 4690
3, 3, 7, 4752
3, 3, 7, 4471
3, 3, 6, 5709
3, 3, 7, 5106
3, 3, 7, 5603
3, 3, 6, 5099
3, 3, 7, 4172
3, 3, 7, 4974
3, 3, 7, 5452
3, 3, 7, 5226
3, 3, 6, 5225
3, 3, 6, 5620
3, 3, 7, 4924
3, 3, 7, 4796
3, 3, 7, 6872
3, 3, 7, 6122
3, 3, 7, 3185
3, 3, 6, 5951
3, 3, 7, 4701
3, 3, 7, 4495
3, 3, 7, 4791
3, 3, 7, 9749
3, 3, 7, 5106
3, 3, 7, 5137
3, 3, 7, 4663
3, 3, 6, 4530
3, 3, 7, 6233
3, 3, 7, 4431
3, 3, 7, 4988
3, 3, 7, 4851
3, 3, 7, 4304
3, 3, 7, 5391
3, 3, 7, 3811
3, 3, 7, 9164
3, 3, 7, 4976
3, 3, 7, 4591
3, 3, 7, 4293
3, 3, 7, 4768
3, 3, 7, 6337
3, 3, 6, 5951
3, 3, 7, 4761
3, 3, 7, 4570
3, 3, 7, 5367
3, 3, 7, 5365
3, 3, 7, 5288
3, 3, 7, 5228
3, 3, 6, 4906
3, 3, 7, 4752
3, 3, 7, 4810
3, 3, 7, 5723
3, 3, 7, 4360
3, 3, 6, 5790
3, 3, 7, 4634
3, 3, 7, 4610
3, 3, 6, 5620
3, 3, 7, 4675
3, 3, 7, 4401
3, 3, 7, 4585
3, 3, 7, 4842
3, 3, 7, 5700
3, 3, 7, 4235
3, 3, 7, 4669
3, 3, 7, 5826
3, 3, 6, 6154
3, 3, 7, 4990
3, 3, 6, 5281
4, 1, 10, 6287
4, 1, 10, 6240
4, 1, 10, 6392
4, 1, 8, 6328
4, 1, 10, 6178
4, 1, 12, 5159
4, 1, 11, 5540
4, 1, 10, 5743
4, 1, 11, 5370
4, 1, 9, 6673
4, 1, 10, 6084
4, 1, 11, 5176
4, 1, 10, 5948
4, 1, 13, 4723
4, 1, 13, 4801
4, 1, 8, 6544
4, 1, 9, 5944
4, 1, 9, 6122
4, 1, 10, 5613
4, 1, 9, 6117
4, 1, 9, 6023
4, 1, 10, 5799
4, 1, 10, 5927
4, 1, 10, 5674
4, 1, 11, 5747
4, 1, 11, 5155
4, 1, 9, 6344
4, 1, 11, 5309
4, 1, 10, 5603
4, 1, 10, 5785
4, 1, 11, 5551
4, 1, 9, 10613
4, 1, 10, 5702
4, 1, 11, 5422
4, 1, 9, 6216
4, 1, 10, 5738
4, 1, 8, 6254
4, 1, 11, 5134
4, 1, 9, 6188
4, 1, 8, 6440
4, 1, 9, 6417
4, 1, 10, 10506
4, 1, 9, 5992
4, 1, 10, 5434
4, 1, 9, 6176
4, 1, 10, 5452
4, 1, 10, 5903
4, 1, 11, 5400
4, 1, 11, 5408
4, 1, 11, 5176
4, 1, 10, 5672
4, 1, 9, 9669
4, 1, 9, 6181
4, 1, 8, 6492
4, 1, 11, 5099
4, 1, 9, 5992
4, 1, 11, 5610
4, 1, 8, 6589
4, 1, 8, 6452
4, 1, 11, 5490
4, 1, 10, 5787
4, 1, 10, 11009
4, 1, 11, 5364
4, 1, 10, 16878
4, 1, 8, 6388
4, 1, 9, 6064
4, 1, 11, 5356
4, 1, 12, 4943
4, 1, 10, 6112
4, 1, 10, 5525
4, 1, 8, 6306
4, 1, 9, 6042
4, 1, 9, 6174
4, 1, 8, 6658
4, 1, 10, 5612
4, 1, 12, 5025
4, 1, 11, 5459
4, 1, 10, 5759
4, 1, 11, 5552
4, 1, 11, 5231
4, 1, 11, 5345
4, 1, 11, 5504
4, 1, 10, 5577
4, 1, 11, 5457
4, 1, 10, 5651
4, 1, 12, 5132
4, 1, 9, 5865
4, 1, 10, 5768
4, 1, 8, 6552
4, 1, 9, 6139
4, 1, 8, 15770
4, 1, 9, 5846
4, 1, 13, 4619
4, 1, 8, 6538
4, 1, 11, 5488
4, 1, 11, 8565
4, 1, 10, 5646
4, 1, 10, 5783
4, 1, 10, 5725
4, 1, 9, 6523
4, 2, 15, 12933
4, 2, 13, 9844
4, 2, 11, 15372
4, 2, 13, 14747
4, 2, 15, 8909
4, 2, 14, 9837
4, 2, 13, 17217
4, 2, 12, 13761
4, 2, 14, 9025
4, 2, 14, 21045
4, 2, 14, 17083
4, 2, 12, 15502
4, 2, 14, 17779
4, 2, 13, 14931
4, 2, 13, 11256
4, 2, 13, 23333
4, 2, 14, 10985
4, 2, 13, 11901
4, 2, 13, 13779
4, 2, 15, 14096
4, 2, 14, 10249
4, 2, 12, 14936
4, 2, 13, 11955
4, 2, 12, 16515
4, 2, 13, 15366
4, 2, 13, 12386
4, 2, 13, 14966
4, 2, 14, 20741
4, 2, 12, 10532
4, 2, 13, 13709
4, 2, 14, 18628
4, 2, 12, 12032
4, 2, 13, 10374
4, 2, 13, 11527
4, 2, 15, 10124
4, 2, 15, 12744
4, 2, 15, 10850
4, 2, 13, 17438
4, 2, 12, 12287
4, 2, 14, 13631
4, 2, 14, 11961
4, 2, 15, 7433
4, 2, 11, 17810
4, 2, 15, 7200
4, 2, 13, 9486
4, 2, 14, 17382
4, 2, 14, 14084
4, 2, 14, 11291
4, 2, 14, 12772
4, 2, 15, 12028
4, 2, 14, 11477
4, 2, 15, 9266
4, 2, 13, 13810
4, 2, 15, 8931
4, 2, 13, 11020
4, 2, 13, 10351
4, 2, 13, 10887
4, 2, 14, 17114
4, 2, 14, 11850
4, 2, 13, 15626
4, 2, 13, 16010
4, 2, 14, 9728
4, 2, 13, 12711
4, 2, 13, 11819
4, 2, 11, 14793
4, 2, 13, 14116
4, 2, 15, 10548
4, 2, 14, 9397
4, 2, 14, 10707
4, 2, 14, 12188
4, 2, 13, 13275
4, 2, 14, 11268
4, 2, 14, 8909
4, 2, 14, 13223
4, 2, 13, 12022
4, 2, 14, 17858
4, 2, 13, 11341
4, 2, 14, 12817
4, 2, 12, 13294
4, 2, 12, 11379
4, 2, 14, 12336
4, 2, 13, 15567
4, 2, 14, 13406
4, 2, 12, 15494
4, 2, 11, 12832
4, 2, 13, 12916
4, 2, 13, 13078
4, 2, 14, 9819
4, 2, 15, 9140
4, 2, 13, 10982
4, 2, 14, 18226
4, 2, 13, 19652
4, 2, 15, 12812
4, 2, 14, 12666
4, 2, 13, 11223
4, 2, 14, 14634
4, 2, 13, 30697
4, 2, 13, 6682
4, 2, 13, 12320
4, 2, 15, 8539
4, 3, 15, 17574
4, 3, 15, 14476
4, 3, 14, 21359
4, 3, 14, 17152
4, 3, 15, 15947
4, 3, 15, 16332
4, 3, 15, 20246
4, 3, 15, 18860
4, 3, 14, 20859
4, 3, 11, 26892
4, 3, 15, 12888
4, 3, 14, 26703
4, 3, 13, 20618
4, 3, 15, 15390
4, 3, 15, 14317
4, 3, 13, 20581
4, 3, 13, 21456
4, 3, 15, 14706
4, 3, 14, 19204
4, 3, 15, 17359
4, 3, 15, 15946
4, 3, 14, 16951
4, 3, 14, 14263
4, 3, 15, 24611
4, 3, 14, 18885
4, 3, 13, 27299
4, 3, 15, 18741
4, 3, 15, 13777
4, 3, 15, 17760
4, 3, 15, 14270
4, 3, 15, 16058
4, 3, 15, 13423
4, 3, 14, 21564
4, 3, 14, 54997
4, 3, 14, 32012
4, 3, 14, 9706
4, 3, 15, 8014
4, 3, 14, 10312
4, 3, 15, 7278
4, 3, 15, 15904
4, 3, 15, 8271
4, 3, 15, 7812
4, 3, 15, 7950
4, 3, 14, 10208
4, 3, 15, 8773
4, 3, 14, 10453
4, 3, 14, 9651
4, 3, 14, 11467
4, 3, 15, 9289
4, 3, 13, 9004
4, 3, 15, 8916
4, 3, 14, 9557
4, 3, 14, 10679
4, 3, 14, 11277
4, 3, 15, 7336
4, 3, 14, 10601
4, 3, 15, 6058
4, 3, 14, 9489
4, 3, 13, 10906
4, 3, 14, 9146
4, 3, 15, 9796
4, 3, 15, 7970
4, 3, 15, 9004
4, 3, 14, 10583
4, 3, 14, 9465
4, 3, 15, 7877
4, 3, 15, 6875
4, 3, 14, 8927
4, 3, 15, 9389
4, 3, 14, 9366
4, 3, 14, 8551
4, 3, 13, 10478
4, 3, 14, 8453
4, 3, 15, 9023
4, 3, 14, 9835
4, 3, 15, 8939
4, 3, 15, 7924
4, 3, 14, 9955
4, 3, 14, 9883
4, 3, 15, 6395
4, 3, 14, 11097
4, 3, 14, 7999
4, 3, 15, 10317
4, 3, 15, 7447
4, 3, 14, 10178
4, 3, 15, 7870
4, 3, 15, 8053
4, 3, 14, 11861
4, 3, 14, 9636
4, 3, 15, 9085
4, 3, 15, 9049
4, 3, 15, 6897
4, 3, 14, 7720
4, 3, 15, 7159
4, 3, 14, 7739
4, 3, 14, 9538
4, 3, 14, 21124
4, 3, 13, 11445
4, 3, 14, 11163
4, 3, 15, 7745
4, 4, 15, 10942
4, 4, 15, 9125
4, 4, 15, 10536
4, 4, 15, 9812
4, 4, 15, 12154
4, 4, 15, 9389
4, 4, 15, 9612
4, 4, 15, 10475
4, 4, 14, 10665
4, 4, 15, 10914
4, 4, 15, 12236
4, 4, 15, 9149
4, 4, 15, 10260
4, 4, 15, 9856
4, 4, 15, 9586
4, 4, 15, 8877
4, 4, 15, 10841
4, 4, 15, 9453
4, 4, 15, 10396
4, 4, 15, 12780
4, 4, 15, 9232
4, 4, 15, 8671
4, 4, 15, 11155
4, 4, 15, 9649
4, 4, 15, 9766
4, 4, 15, 12958
4, 4, 15, 11500
4, 4, 15, 10592
4, 4, 15, 8618
4, 4, 15, 10309
4, 4, 14, 10110
4, 4, 15, 9758
4, 4, 14, 10641
4, 4, 14, 11684
4, 4, 15, 11005
4, 4, 15, 9533
4, 4, 15, 8847
4, 4, 15, 8685
4, 4, 15, 10422
4, 4, 15, 11037
4, 4, 15, 8611
4, 4, 15, 8942
4, 4, 14, 11903
4, 4, 15, 8327
4, 4, 15, 11140
4, 4, 15, 9551
4, 4, 15, 10768
4, 4, 15, 11248
4, 4, 15, 8796
4, 4, 15, 11077
4, 4, 15, 9747
4, 4, 15, 13500
4, 4, 15, 11131
4, 4, 15, 12418
4, 4, 15, 11178
4, 4, 14, 12167
4, 4, 15, 11240
4, 4, 15, 9455
4, 4, 15, 8511
4, 4, 15, 9980
4, 4, 15, 10898
4, 4, 15, 11440
4, 4, 15, 9783
4, 4, 15, 9662
4, 4, 15, 9446
4, 4, 15, 10366
4, 4, 15, 9793
4, 4, 15, 11353
4, 4, 15, 9712
4, 4, 15, 11093
4, 4, 15, 10924
4, 4, 15, 21020
4, 4, 14, 9950
4, 4, 15, 8614
4, 4, 15, 9323
4, 4, 15, 9135
4, 4, 15, 8486
4, 4, 15, 7569
4, 4, 15, 8806
4, 4, 15, 10154
4, 4, 15, 11415
4, 4, 15, 9439
4, 4, 15, 9700
4, 4, 15, 12108
4, 4, 15, 10407
4, 4, 15, 7829
4, 4, 15, 10471
4, 4, 15, 9541
4, 4, 15, 8832
4, 4, 15, 9307
4, 4, 15, 9761
4, 4, 15, 8102
4, 4, 15, 9182
4, 4, 15, 9627
4, 4, 14, 11058
4, 4, 15, 8000
4, 4, 15, 11314
4, 4, 15, 9067
4, 4, 15, 8889
4, 4, 14, 10211
5, 1, 22, 12352
5, 1, 19, 8980
5, 1, 20, 11777
5, 1, 20, 8856
5, 1, 16, 9940
5, 1, 19, 9280
5, 1, 20, 10368
5, 1, 19, 8763
5, 1, 22, 8165
5, 1, 21, 8322
5, 1, 18, 11806
5, 1, 18, 9546
5, 1, 19, 9487
5, 1, 20, 8945
5, 1, 22, 9548
5, 1, 19, 9046
5, 1, 19, 10224
5, 1, 20, 8527
5, 1, 23, 10159
5, 1, 22, 7993
5, 1, 20, 8864
5, 1, 21, 8307
5, 1, 22, 9534
5, 1, 19, 9106
5, 1, 21, 8387
5, 1, 21, 8146
5, 1, 21, 28571
5, 1, 21, 9021
5, 1, 20, 9300
5, 1, 20, 9578
5, 1, 17, 11697
5, 1, 22, 8880
5, 1, 20, 11753
5, 1, 21, 8910
5, 1, 20, 12032
5, 1, 21, 9059
5, 1, 18, 10011
5, 1, 19, 9898
5, 1, 21, 9899
5, 1, 20, 9124
5, 1, 23, 7810
5, 1, 17, 9709
5, 1, 19, 11643
5, 1, 20, 8555
5, 1, 19, 9018
5, 1, 19, 9023
5, 1, 21, 15089
5, 1, 21, 8517
5, 1, 22, 9152
5, 1, 21, 8387
5, 1, 22, 11488
5, 1, 20, 8587
5, 1, 21, 8357
5, 1, 19, 9045
5, 1, 23, 9647
5, 1, 20, 8491
5, 1, 22, 8064
5, 1, 21, 8334
5, 1, 21, 10922
5, 1, 19, 8854
5, 1, 17, 9735
5, 1, 20, 8856
5, 1, 22, 9453
5, 1, 19, 8942
5, 1, 18, 11638
5, 1, 16, 9917
5, 1, 22, 10453
5, 1, 20, 8551
5, 1, 21, 8686
5, 1, 21, 8157
5, 1, 21, 9866
5, 1, 23, 20073
5, 1, 19, 11907
5, 1, 16, 22546
5, 1, 22, 11239
5, 1, 19, 10803
5, 1, 20, 9554
5, 1, 20, 8856
5, 1, 19, 12496
5, 1, 18, 9341
5, 1, 20, 9589
5, 1, 21, 8181
5, 1, 21, 10596
5, 1, 20, 8593
5, 1, 19, 9012
5, 1, 22, 8305
5, 1, 17, 11075
5, 1, 22, 7710
5, 1, 22, 7979
5, 1, 21, 8254
5, 1, 19, 11254
5, 1, 21, 8739
5, 1, 19, 9037
5, 1, 19, 8676
5, 1, 19, 10690
5, 1, 22, 7870
5, 1, 20, 12158
5, 1, 20, 8968
5, 1, 20, 11243
5, 1, 19, 9382
5, 2, 27, 26681
5, 2, 23, 30194
5, 2, 26, 29033
5, 2, 25, 26121
5, 2, 29, 31810
5, 2, 25, 39299
5, 2, 27, 23398
5, 2, 27, 21844
5, 2, 27, 17541
5, 2, 27, 21112
5, 2, 28, 21755
5, 2, 25, 28897
5, 2, 26, 35718
5, 2, 27, 27552
5, 2, 28, 25846
5, 2, 29, 25876
5, 2, 26, 27574
5, 2, 26, 25019
5, 2, 26, 28157
5, 2, 27, 24224
5, 2, 27, 21541
5, 2, 26, 30708
5, 2, 28, 20965
5, 2, 27, 24151
5, 2, 29, 17558
5, 2, 25, 27001
5, 2, 27, 26888
5, 2, 25, 29446
5, 2, 29, 19719
5, 2, 27, 22820
5, 2, 26, 24752
5, 2, 25, 23378
5, 2, 25, 21186
5, 2, 27, 20437
5, 2, 27, 17859
5, 2, 27, 28962
5, 2, 25, 20624
5, 2, 29, 23477
5, 2, 26, 26631
5, 2, 25, 26167
5, 2, 25, 27238
5, 2, 24, 22636
5, 2, 26, 33167
5, 2, 27, 25410
5, 2, 26, 32100
5, 2, 26, 28172
5, 2, 29, 19153
5, 2, 25, 26431
5, 2, 28, 20597
5, 2, 27, 22485
5, 2, 28, 22304
5, 2, 27, 18854
5, 2, 27, 17350
5, 2, 29, 20309
5, 2, 26, 32725
5, 2, 26, 31411
5, 2, 27, 20149
5, 2, 27, 22208
5, 2, 27, 33910
5, 2, 28, 16359
5, 2, 24, 28557
5, 2, 27, 21079
5, 2, 26, 29970
5, 2, 29, 13554
5, 2, 27, 25673
5, 2, 27, 40672
5, 2, 28, 19508
5, 2, 25, 28883
5, 2, 24, 25778
5, 2, 25, 30725
5, 2, 26, 23373
5, 2, 24, 26649
5, 2, 27, 20542
5, 2, 26, 26759
5, 2, 26, 30277
5, 2, 28, 18285
5, 2, 27, 27818
5, 2, 25, 22648
5, 2, 31, 18211
5, 2, 28, 21413
5, 2, 25, 19062
5, 2, 24, 26429
5, 2, 26, 19849
5, 2, 25, 31287
5, 2, 24, 35049
5, 2, 26, 26525
5, 2, 29, 22133
5, 2, 29, 21518
5, 2, 25, 26061
5, 2, 26, 26168
5, 2, 25, 25787
5, 2, 27, 29654
5, 2, 22, 29654
5, 2, 26, 34963
5, 2, 26, 19256
5, 2, 27, 18174
5, 2, 26, 21789
5, 2, 26, 24460
5, 2, 25, 25739
5, 2, 24, 22377
5, 3, 30, 50137
5, 3, 27, 53406
5, 3, 29, 48093
5, 3, 30, 33447
5, 3, 30, 33174
5, 3, 28, 49238
5, 3, 28, 48623
5, 3, 29, 40485
5, 3, 31, 31242
5, 3, 30, 42663
5, 3, 30, 53951
5, 3, 30, 48699
5, 3, 29, 35620
5, 3, 30, 29008
5, 3, 30, 47592
5, 3, 31, 31913
5, 3, 30, 33312
5, 3, 30, 29465
5, 3, 30, 64756
5, 3, 31, 37924
5, 3, 29, 54079
5, 3, 31, 35087
5, 3, 30, 50025
5, 3, 29, 43165
5, 3, 29, 50341
5, 3, 29, 41571
5, 3, 29, 37502
5, 3, 30, 52173
5, 3, 31, 31233
5, 3, 31, 31288
5, 3, 29, 48508
5, 3, 31, 28517
5, 3, 30, 43408
5, 3, 31, 42155
5, 3, 31, 28673
5, 3, 30, 34843
5, 3, 29, 49812
5, 3, 28, 41531
5, 3, 30, 49576
5, 3, 28, 52632
5, 3, 31, 22749
5, 3, 30, 32596
5, 3, 30, 59939
5, 3, 31, 31944
5, 3, 29, 44253
5, 3, 28, 46903
5, 3, 31, 47184
5, 3, 29, 40721
5, 3, 30, 34161
5, 3, 28, 48486
5, 3, 29, 41092
5, 3, 29, 37283
5, 3, 29, 53598
5, 3, 29, 50068
5, 3, 30, 40534
5, 3, 29, 43118
5, 3, 30, 49522
5, 3, 28, 54013
5, 3, 30, 41105
5, 3, 30, 36567
5, 3, 30, 45678
5, 3, 31, 32940
5, 3, 31, 38380
5, 3, 30, 38955
5, 3, 30, 50134
5, 3, 29, 43125
5, 3, 28, 52708
5, 3, 30, 35565
5, 3, 30, 37597
5, 3, 30, 32127
5, 3, 30, 42732
5, 3, 29, 44165
5, 3, 29, 48056
5, 3, 29, 32823
5, 3, 27, 76513
5, 3, 29, 48086
5, 3, 31, 39749
5, 3, 29, 39477
5, 3, 29, 39802
5, 3, 30, 29165
5, 3, 29, 43903
5, 3, 31, 39552
5, 3, 31, 32112
5, 3, 29, 52854
5, 3, 31, 40034
5, 3, 30, 39156
5, 3, 30, 47393
5, 3, 29, 43790
5, 3, 31, 43165
5, 3, 31, 38057
5, 3, 30, 40578
5, 3, 31, 42378
5, 3, 30, 36052
5, 3, 30, 36918
5, 3, 30, 45342
5, 3, 30, 31116
5, 3, 29, 45505
5, 3, 29, 52304
5, 3, 29, 40260
5, 3, 30, 29775
5, 4, 30, 66865
5, 4, 31, 49150
5, 4, 30, 44308
5, 4, 31, 42697
5, 4, 31, 37168
5, 4, 31, 53400
5, 4, 31, 43690
5, 4, 30, 48789
5, 4, 31, 34391
5, 4, 30, 46397
5, 4, 31, 45261
5, 4, 31, 40464
5, 4, 31, 42869
5, 4, 29, 59858
5, 4, 30, 37841
5, 4, 30, 50120
5, 4, 31, 32555
5, 4, 31, 46724
5, 4, 30, 48183
5, 4, 31, 53669
5, 4, 31, 43795
5, 4, 30, 45627
5, 4, 30, 48450
5, 4, 30, 46198
5, 4, 31, 40894
5, 4, 30, 44946
5, 4, 31, 37482
5, 4, 31, 40194
5, 4, 30, 51442
5, 4, 31, 37658
5, 4, 30, 49908
5, 4, 30, 45868
5, 4, 31, 39792
5, 4, 30, 51843
5, 4, 30, 51897
5, 4, 30, 52576
5, 4, 30, 44307
5, 4, 31, 38951
5, 4, 31, 42433
5, 4, 30, 47817
5, 4, 31, 49313
5, 4, 31, 43984
5, 4, 30, 49174
5, 4, 31, 40542
5, 4, 29, 62458
5, 4, 31, 61788
5, 4, 31, 55743
5, 4, 31, 50391
5, 4, 31, 52738
5, 4, 30, 45283
5, 4, 30, 52137
5, 4, 31, 42636
5, 4, 31, 46823
5, 4, 31, 55821
5, 4, 31, 39112
5, 4, 30, 51224
5, 4, 31, 43805
5, 4, 30, 48946
5, 4, 31, 43218
5, 4, 31, 54277
5, 4, 30, 49726
5, 4, 31, 35170
5, 4, 29, 54035
5, 4, 30, 42899
5, 4, 31, 41378
5, 4, 29, 56446
5, 4, 31, 59818
5, 4, 31, 57783
5, 4, 31, 39743
5, 4, 30, 41576
5, 4, 31, 51024
5, 4, 31, 42874
5, 4, 31, 37620
5, 4, 30, 51306
5, 4, 29, 56044
5, 4, 31, 56851
5, 4, 31, 45590
5, 4, 31, 50704
5, 4, 31, 37797
5, 4, 31, 40471
5, 4, 31, 52066
5, 4, 31, 47631
5, 4, 31, 42587
5, 4, 30, 58721
5, 4, 31, 38143
5, 4, 31, 39463
5, 4, 31, 42059
5, 4, 30, 51032
5, 4, 31, 47293
5, 4, 31, 38261
5, 4, 30, 54609
5, 4, 31, 46614
5, 4, 31, 42241
5, 4, 31, 44379
5, 4, 30, 53830
5, 4, 31, 34419
5, 4, 30, 51343
5, 4, 31, 40383
5, 4, 31, 46910
5, 4, 30, 43039
5, 5, 30, 66839
5, 5, 31, 44673
5, 5, 31, 47554
5, 5, 31, 61638
5, 5, 31, 49150
5, 5, 31, 51653
5, 5, 30, 46031
5, 5, 30, 71112
5, 5, 31, 45540
5, 5, 31, 60894
5, 5, 31, 53787
5, 5, 31, 40706
5, 5, 31, 40879
5, 5, 31, 76068
5, 5, 31, 42490
5, 5, 31, 44969
5, 5, 31, 46772
5, 5, 31, 40685
5, 5, 31, 48512
5, 5, 31, 47276
5, 5, 31, 47983
5, 5, 31, 42652
5, 5, 31, 53831
5, 5, 31, 45545
5, 5, 31, 46070
5, 5, 31, 47510
5, 5, 31, 49036
5, 5, 30, 48297
5, 5, 31, 53348
5, 5, 31, 51362
5, 5, 31, 48149
5, 5, 31, 41304
5, 5, 31, 50399
5, 5, 30, 50034
5, 5, 30, 50606
5, 5, 30, 57450
5, 5, 31, 42624
5, 5, 31, 44870
5, 5, 30, 57567
5, 5, 30, 54361
5, 5, 31, 43075
5, 5, 31, 48169
5, 5, 31, 52842
5, 5, 31, 49542
5, 5, 31, 46651
5, 5, 31, 48934
5, 5, 31, 47231
5, 5, 31, 35711
5, 5, 31, 46717
5, 5, 31, 47306
5, 5, 31, 39976
5, 5, 31, 42642
5, 5, 31, 51456
5, 5, 31, 40879
5, 5, 31, 49547
5, 5, 31, 40732
5, 5, 31, 45221
5, 5, 31, 36990
5, 5, 31, 50181
5, 5, 30, 52497
5, 5, 30, 47723
5, 5, 31, 48024
5, 5, 31, 52974
5, 5, 31, 52163
5, 5, 31, 41327
5, 5, 30, 55934
5, 5, 31, 51038
5, 5, 31, 49004
5, 5, 31, 81013
5, 5, 31, 49782
5, 5, 31, 44334
5, 5, 30, 52495
5, 5, 31, 41723
5, 5, 31, 62767
5, 5, 31, 62968
5, 5, 31, 52984
5, 5, 31, 47139
5, 5, 31, 48339
5, 5, 31, 63804
5, 5, 31, 50512
5, 5, 31, 46047
5, 5, 31, 41755
5, 5, 31, 42749
5, 5, 31, 47243
5, 5, 31, 40837
5, 5, 31, 44010
5, 5, 31, 43241
5, 5, 31, 51689
5, 5, 31, 46850
5, 5, 31, 48049
5, 5, 31, 50275
5, 5, 31, 68444
5, 5, 30, 64788
5, 5, 30, 60362
5, 5, 31, 49589
5, 5, 31, 43096
5, 5, 29, 61921
5, 5, 31, 45921
5, 5, 31, 44029
5, 5, 31, 40981
6, 1, 38, 35442
6, 1, 43, 30669
6, 1, 44, 29216
6, 1, 36, 35104
6, 1, 42, 30400
6, 1, 39, 33971
6, 1, 42, 31248
6, 1, 36, 35166
6, 1, 39, 32654
6, 1, 35, 37003
6, 1, 37, 34838
6, 1, 45, 29223
6, 1, 40, 31111
6, 1, 41, 32149
6, 1, 41, 32487
6, 1, 40, 32728
6, 1, 43, 32242
6, 1, 40, 33232
6, 1, 38, 32866
6, 1, 39, 36003
6, 1, 42, 31444
6, 1, 44, 30208
6, 1, 39, 32456
6, 1, 37, 33736
6, 1, 39, 33984
6, 1, 39, 32538
6, 1, 39, 32356
6, 1, 38, 33625
6, 1, 39, 34755
6, 1, 42, 32598
6, 1, 39, 31584
6, 1, 40, 45541
6, 1, 44, 49642
6, 1, 40, 33547
6, 1, 44, 28591
6, 1, 48, 27518
6, 1, 40, 31303
6, 1, 36, 34392
6, 1, 37, 33399
6, 1, 41, 31726
6, 1, 40, 32671
6, 1, 39, 32546
6, 1, 39, 31958
6, 1, 38, 33601
6, 1, 38, 33550
6, 1, 39, 34970
6, 1, 42, 31682
6, 1, 40, 34280
6, 1, 43, 32462
6, 1, 44, 30052
6, 1, 42, 29696
6, 1, 41, 33041
6, 1, 40, 32294
6, 1, 39, 36148
6, 1, 39, 31711
6, 1, 40, 32926
6, 1, 41, 32032
6, 1, 39, 33440
6, 1, 37, 34500
6, 1, 42, 31461
6, 1, 36, 33920
6, 1, 41, 32313
6, 1, 39, 33988
6, 1, 40, 33208
6, 1, 39, 35016
6, 1, 42, 33253
6, 1, 44, 29407
6, 1, 42, 31392
6, 1, 42, 29746
6, 1, 39, 32597
6, 1, 40, 31327
6, 1, 40, 34522
6, 1, 44, 30422
6, 1, 41, 32395
6, 1, 36, 34124
6, 1, 42, 31424
6, 1, 41, 31302
6, 1, 41, 31836
6, 1, 39, 33180
6, 1, 44, 42532
6, 1, 40, 41876
6, 1, 39, 76531
6, 1, 42, 28990
6, 1, 41, 32066
6, 1, 38, 33362
6, 1, 39, 35779
6, 1, 42, 30587
6, 1, 46, 28809
6, 1, 38, 35512
6, 1, 42, 31146
6, 1, 45, 28853
6, 1, 36, 34792
6, 1, 39, 31624
6, 1, 41, 32200
6, 1, 34, 35540
6, 1, 40, 32839
6, 1, 44, 31696
6, 1, 42, 31150
6, 1, 36, 34169
6, 1, 41, 31753
6, 2, 54, 132614
6, 2, 52, 166724
6, 2, 55, 104697
6, 2, 49, 133723
6, 2, 55, 90208
6, 2, 51, 102479
6, 2, 54, 107741
6, 2, 57, 79243
6, 2, 52, 134501
6, 2, 56, 117858
6, 2, 55, 158577
6, 2, 55, 97509
6, 2, 54, 104697
6, 2, 52, 109674
6, 2, 52, 156772
6, 2, 55, 140713
6, 2, 53, 131991
6, 2, 56, 117462
6, 2, 53, 109297
6, 2, 53, 141784
6, 2, 53, 121758
6, 2, 53, 100199
6, 2, 52, 138482
6, 2, 50, 108050
6, 2, 56, 107202
6, 2, 53, 131186
6, 2, 52, 123258
6, 2, 54, 109200
6, 2, 53, 133615
6, 2, 54, 140226
6, 2, 52, 82289
6, 2, 56, 87197
6, 2, 54, 100126
6, 2, 49, 156207
6, 2, 55, 84622
6, 2, 57, 88182
6, 2, 52, 100059
6, 2, 58, 65126
6, 2, 50, 96046
6, 2, 51, 129666
6, 2, 52, 101804
6, 2, 53, 190325
6, 2, 53, 93796
6, 2, 54, 80422
6, 2, 53, 111391
6, 2, 49, 113643
6, 2, 53, 107240
6, 2, 55, 105981
6, 2, 54, 124847
6, 2, 55, 148934
6, 2, 58, 73235
6, 2, 56, 106693
6, 2, 54, 92818
6, 2, 52, 101574
6, 2, 53, 104459
6, 2, 52, 140044
6, 2, 52, 116388
6, 2, 47, 123902
6, 2, 56, 76618
6, 2, 56, 84285
6, 2, 49, 124103
6, 2, 53, 95580
6, 2, 58, 95002
6, 2, 53, 104921
6, 2, 55, 104080
6, 2, 53, 130863
6, 2, 55, 100333
6, 2, 57, 85259
6, 2, 52, 91919
6, 2, 55, 81958
6, 2, 53, 100454
6, 2, 52, 127859
6, 2, 54, 121967
6, 2, 53, 94720
6, 2, 61, 49814
6, 2, 51, 129216
6, 2, 54, 87007
6, 2, 53, 85007
6, 2, 52, 130860
6, 2, 56, 97910
6, 2, 54, 90364
6, 2, 52, 87287
6, 2, 53, 105580
6, 2, 51, 107361
6, 2, 53, 145504
6, 2, 52, 114528
6, 2, 53, 93749
6, 2, 55, 121890
6, 2, 54, 92599
6, 2, 55, 72904
6, 2, 57, 81769
6, 2, 52, 107514
6, 2, 58, 108243
6, 2, 54, 111414
6, 2, 52, 110843
6, 2, 51, 128152
6, 2, 57, 128385
6, 2, 48, 140843
6, 2, 54, 134978
6, 2, 53, 105454
6, 3, 57, 259877
6, 3, 60, 266594
6, 3, 60, 204712
6, 3, 61, 191408
6, 3, 60, 180614
6, 3, 58, 252895
6, 3, 61, 220060
6, 3, 60, 232778
6, 3, 60, 213754
6, 3, 58, 223368
6, 3, 61, 158484
6, 3, 61, 205543
6, 3, 59, 271138
6, 3, 61, 212296
6, 3, 61, 194078
6, 3, 61, 193975
6, 3, 55, 275149
6, 3, 61, 168979
6, 3, 59, 228841
6, 3, 57, 253897
6, 3, 59, 284385
6, 3, 62, 163637
6, 3, 58, 261317
6, 3, 63, 145562
6, 3, 61, 180066
6, 3, 59, 216279
6, 3, 63, 158455
6, 3, 60, 197187
6, 3, 60, 235132
6, 3, 61, 215111
6, 3, 61, 179715
6, 3, 56, 335436
6, 3, 60, 261368
6, 3, 60, 206030
6, 3, 60, 231254
6, 3, 58, 267836
6, 3, 59, 285142
6, 3, 61, 168706
6, 3, 61, 267447
6, 3, 60, 240581
6, 3, 58, 258315
6, 3, 62, 144586
6, 3, 58, 321962
6, 3, 58, 267407
6, 3, 59, 261610
6, 3, 61, 803538
6, 3, 60, 233347
6, 3, 60, 187042
6, 3, 60, 201933
6, 3, 58, 281225
6, 3, 61, 210522
6, 3, 60, 222349
6, 3, 60, 252920
6, 3, 60, 177776
6, 3, 58, 284976
6, 3, 60, 236816
6, 3, 61, 170001
6, 3, 61, 188762
6, 3, 62, 169577
6, 3, 61, 250781
6, 3, 58, 226027
6, 3, 61, 152464
6, 3, 61, 154497
6, 3, 62, 157192
6, 3, 62, 138689
6, 3, 60, 181706
6, 3, 61, 228269
6, 3, 56, 261275
6, 3, 59, 212102
6, 3, 62, 144568
6, 3, 59, 272509
6, 3, 62, 141983
6, 3, 59, 238162
6, 3, 57, 243402
6, 3, 59, 219154
6, 3, 57, 271285
6, 3, 60, 208859
6, 3, 61, 149581
6, 3, 55, 232742
6, 3, 60, 238700
6, 3, 59, 277173
6, 3, 57, 269582
6, 3, 59, 231081
6, 3, 59, 191735
6, 3, 61, 196673
6, 3, 59, 241495
6, 3, 59, 270738
6, 3, 59, 223481
6, 3, 58, 329100
6, 3, 62, 152286
6, 3, 61, 154196
6, 3, 58, 226968
6, 3, 60, 183324
6, 3, 60, 194483
6, 3, 61, 198487
6, 3, 60, 191610
6, 3, 58, 262235
6, 3, 60, 175228
6, 3, 63, 177446
6, 3, 59, 222104
6, 4, 63, 178985
6, 4, 62, 249943
6, 4, 63, 261829
6, 4, 63, 231443
6, 4, 63, 209211
6, 4, 62, 230915
6, 4, 63, 210775
6, 4, 60, 279588
6, 4, 60, 242398
6, 4, 61, 262017
6, 4, 63, 155320
6, 4, 62, 180703
6, 4, 62, 229432
6, 4, 63, 204303
6, 4, 63, 170323
6, 4, 63, 221206
6, 4, 62, 214029
6, 4, 63, 175181
6, 4, 63, 211194
6, 4, 63, 172362
6, 4, 63, 175121
6, 4, 61, 260532
6, 4, 62, 198536
6, 4, 61, 231580
6, 4, 62, 203641
6, 4, 63, 225228
6, 4, 63, 174684
6, 4, 60, 233103
6, 4, 63, 188375
6, 4, 63, 169953
6, 4, 63, 180253
6, 4, 59, 347658
6, 4, 62, 226547
6, 4, 61, 273710
6, 4, 63, 180472
6, 4, 63, 224397
6, 4, 62, 215842
6, 4, 62, 204334
6, 4, 61, 251438
6, 4, 63, 150976
6, 4, 63, 227208
6, 4, 61, 257903
6, 4, 62, 231192
6, 4, 61, 238457
6, 4, 63, 176119
6, 4, 61, 256979
6, 4, 62, 191399
6, 4, 62, 265754
6, 4, 62, 218738
6, 4, 62, 237687
6, 4, 62, 210568
6, 4, 61, 253875
6, 4, 62, 224127
6, 4, 61, 244696
6, 4, 62, 198655
6, 4, 62, 213386
6, 4, 62, 211896
6, 4, 63, 184144
6, 4, 62, 208309
6, 4, 60, 298144
6, 4, 62, 237330
6, 4, 62, 260620
6, 4, 62, 220972
6, 4, 62, 221922
6, 4, 62, 226000
6, 4, 61, 281233
6, 4, 61, 279620
6, 4, 61, 252432
6, 4, 62, 262172
6, 4, 61, 331879
6, 4, 62, 233727
6, 4, 62, 182397
6, 4, 61, 245759
6, 4, 62, 264851
6, 4, 63, 160404
6, 4, 63, 159322
6, 4, 61, 233568
6, 4, 60, 331240
6, 4, 62, 210627
6, 4, 63, 184162
6, 4, 61, 247435
6, 4, 62, 292679
6, 4, 62, 649602
6, 4, 63, 329642
6, 4, 63, 254954
6, 4, 63, 196979
6, 4, 62, 200497
6, 4, 62, 202619
6, 4, 63, 194364
6, 4, 62, 266423
6, 4, 61, 266909
6, 4, 63, 195343
6, 4, 63, 183353
6, 4, 61, 240239
6, 4, 62, 256763
6, 4, 63, 169977
6, 4, 63, 204765
6, 4, 63, 215694
6, 4, 62, 206345
6, 4, 62, 284802
6, 5, 62, 274943
6, 5, 63, 234749
6, 5, 63, 224794
6, 5, 63, 223292
6, 5, 62, 253820
6, 5, 62, 249493
6, 5, 63, 225684
6, 5, 63, 234414
6, 5, 63, 209382
6, 5, 63, 227262
6, 5, 63, 244715
6, 5, 63, 244925
6, 5, 62, 312077
6, 5, 62, 254194
6, 5, 63, 207640
6, 5, 62, 249281
6, 5, 62, 261462
6, 5, 61, 290045
6, 5, 63, 208732
6, 5, 61, 292829
6, 5, 63, 219182
6, 5, 63, 203840
6, 5, 63, 266005
6, 5, 63, 225113
6, 5, 63, 239732
6, 5, 63, 230598
6, 5, 63, 227274
6, 5, 63, 180585
6, 5, 63, 241433
6, 5, 63, 310958
6, 5, 62, 353877
6, 5, 63, 223844
6, 5, 63, 212018
6, 5, 62, 290561
6, 5, 61, 299460
6, 5, 63, 219119
6, 5, 62, 284666
6, 5, 62, 267910
6, 5, 63, 197585
6, 5, 63, 221728
6, 5, 63, 257923
6, 5, 62, 288842
6, 5, 63, 240549
6, 5, 63, 273857
6, 5, 63, 219532
6, 5, 63, 205158
6, 5, 62, 241597
6, 5, 63, 255506
6, 5, 61, 269306
6, 5, 63, 242913
6, 5, 63, 211819
6, 5, 63, 217746
6, 5, 62, 252224
6, 5, 62, 295601
6, 5, 63, 218718
6, 5, 63, 210031
6, 5, 63, 282054
6, 5, 62, 234248
6, 5, 62, 271589
6, 5, 63, 220972
6, 5, 63, 208084
6, 5, 63, 216886
6, 5, 63, 247895
6, 5, 63, 208421
6, 5, 63, 185324
6, 5, 63, 260261
6, 5, 63, 221362
6, 5, 63, 206933
6, 5, 63, 211013
6, 5, 62, 338055
6, 5, 63, 235796
6, 5, 61, 300824
6, 5, 62, 298628
6, 5, 62, 281596
6, 5, 63, 333751
6, 5, 63, 195528
6, 5, 63, 224640
6, 5, 62, 245127
6, 5, 61, 263293
6, 5, 63, 249106
6, 5, 63, 212436
6, 5, 63, 201469
6, 5, 63, 212557
6, 5, 62, 277484
6, 5, 63, 223301
6, 5, 63, 244174
6, 5, 63, 209808
6, 5, 62, 238130
6, 5, 63, 219058
6, 5, 63, 220776
6, 5, 63, 261776
6, 5, 63, 255153
6, 5, 63, 220295
6, 5, 63, 254755
6, 5, 63, 259502
6, 5, 63, 236347
6, 5, 62, 254236
6, 5, 63, 247713
6, 5, 62, 233347
6, 5, 62, 264452
6, 6, 63, 303086
6, 6, 63, 265842
6, 6, 63, 259382
6, 6, 63, 255029
6, 6, 63, 302771
6, 6, 63, 274632
6, 6, 63, 248219
6, 6, 63, 280144
6, 6, 63, 277429
6, 6, 63, 261570
6, 6, 63, 291578
6, 6, 63, 287934
6, 6, 63, 638056
6, 6, 63, 649738
6, 6, 63, 277169
6, 6, 63, 270998
6, 6, 63, 263770
6, 6, 63, 267037
6, 6, 63, 263446
6, 6, 63, 264443
6, 6, 63, 330523
6, 6, 63, 285831
6, 6, 63, 273271
6, 6, 63, 292317
6, 6, 63, 340353
6, 6, 63, 287077
6, 6, 63, 277920
6, 6, 63, 337502
6, 6, 63, 263701
6, 6, 63, 286272
6, 6, 63, 280097
6, 6, 63, 335283
6, 6, 63, 299496
6, 6, 63, 224244
6, 6, 63, 391874
6, 6, 62, 330834
6, 6, 63, 228703
6, 6, 63, 234387
6, 6, 63, 308071
6, 6, 63, 261297
6, 6, 63, 242728
6, 6, 63, 295583
6, 6, 63, 241475
6, 6, 63, 260930
6, 6, 63, 320887
6, 6, 63, 300933
6, 6, 63, 263222
6, 6, 63, 287483
6, 6, 63, 258208
6, 6, 63, 288266
6, 6, 63, 256823
6, 6, 63, 271267
6, 6, 62, 320634
6, 6, 63, 253719
6, 6, 63, 259650
6, 6, 63, 263566
6, 6, 63, 238151
6, 6, 63, 225495
6, 6, 63, 263247
6, 6, 63, 265692
6, 6, 62, 306949
6, 6, 63, 260576
6, 6, 63, 264690
6, 6, 63, 270248
6, 6, 63, 329779
6, 6, 63, 245665
6, 6, 63, 274356
6, 6, 63, 253052
6, 6, 63, 271895
6, 6, 63, 258037
6, 6, 63, 236839
6, 6, 62, 308072
6, 6, 63, 295506
6, 6, 63, 241832
6, 6, 63, 254869
6, 6, 62, 309152
6, 6, 62, 297096
6, 6, 63, 227880
6, 6, 63, 269815
6, 6, 63, 290614
6, 6, 62, 331731
6, 6, 63, 278900
6, 6, 63, 271246
6, 6, 63, 251739
6, 6, 63, 269820
6, 6, 62, 338242
6, 6, 63, 289020
6, 6, 63, 260931
6, 6, 63, 361554
6, 6, 63, 248745
6, 6, 62, 281128
6, 6, 62, 323432
6, 6, 63, 294693
6, 6, 63, 267126
6, 6, 63, 259276
6, 6, 63, 262225
6, 6, 63, 274170
6, 6, 63, 284412
6, 6, 63, 282227
6, 6, 63, 228113
7, 1, 82, 112541
7, 1, 87, 106296
7, 1, 75, 122426
7, 1, 86, 109193
7, 1, 81, 114232
7, 1, 82, 113974
7, 1, 86, 111592
7, 1, 80, 115563
7, 1, 83, 115801
7, 1, 89, 150491
7, 1, 82, 175600
7, 1, 76, 167507
7, 1, 81, 161576
7, 1, 88, 141103
7, 1, 81, 149367
7, 1, 82, 160067
7, 1, 83, 158585
7, 1, 78, 171829
7, 1, 82, 149251
7, 1, 80, 156725
7, 1, 81, 154482
7, 1, 80, 152705
7, 1, 76, 163493
7, 1, 83, 145927
7, 1, 74, 162075
7, 1, 78, 156782
7, 1, 82, 150237
7, 1, 85, 147077
7, 1, 79, 152658
7, 1, 89, 139452
7, 1, 83, 147637
7, 1, 78, 156077
7, 1, 85, 147347
7, 1, 81, 149750
7, 1, 79, 156526
7, 1, 80, 153954
7, 1, 76, 165886
7, 1, 87, 167772
7, 1, 83, 154162
7, 1, 80, 168286
7, 1, 81, 459462
7, 1, 82, 120607
7, 1, 83, 136982
7, 1, 78, 198077
7, 1, 79, 194202
7, 1, 84, 186963
7, 1, 80, 191765
7, 1, 80, 193653
7, 1, 84, 189209
7, 1, 75, 203688
7, 1, 83, 189999
7, 1, 80, 192893
7, 1, 84, 200653
7, 1, 81, 124046
7, 1, 79, 123075
7, 1, 85, 117651
7, 1, 83, 118813
7, 1, 79, 127074
7, 1, 74, 131627
7, 1, 82, 126781
7, 1, 83, 130049
7, 1, 83, 122244
7, 1, 83, 120698
7, 1, 82, 122540
7, 1, 75, 132068
7, 1, 80, 122997
7, 1, 78, 127639
7, 1, 85, 116046
7, 1, 81, 120576
7, 1, 80, 124226
7, 1, 86, 114035
7, 1, 81, 122960
7, 1, 84, 120160
7, 1, 84, 117903
7, 1, 84, 119441
7, 1, 73, 134547
7, 1, 84, 130971
7, 1, 86, 118789
7, 1, 80, 124181
7, 1, 88, 114402
7, 1, 84, 119418
7, 1, 90, 111184
7, 1, 82, 120027
7, 1, 78, 127746
7, 1, 82, 125181
7, 1, 80, 123970
7, 1, 82, 123180
7, 1, 84, 116899
7, 1, 84, 117619
7, 1, 76, 127508
7, 1, 80, 124431
7, 1, 78, 126890
7, 1, 80, 125639
7, 1, 82, 121157
7, 1, 73, 131320
7, 1, 80, 123816
7, 1, 80, 124434
7, 1, 78, 124303
7, 1, 84, 121039
7, 1, 87, 115549
7, 2, 105, 586633
7, 2, 111, 356144
7, 2, 103, 568076
7, 2, 106, 463901
7, 2, 110, 468273
7, 2, 102, 639120
7, 2, 103, 694736
7, 2, 108, 540486
7, 2, 107, 385928
7, 2, 107, 443514
7, 2, 102, 755391
7, 2, 109, 613988
7, 2, 106, 531776
7, 2, 109, 436433
7, 2, 106, 726173
7, 2, 113, 516023
7, 2, 109, 477084
7, 2, 109, 395542
7, 2, 109, 376501
7, 2, 107, 400797
7, 2, 109, 497414
7, 2, 105, 398481
7, 2, 102, 528160
7, 2, 105, 493922
7, 2, 112, 464779
7, 2, 105, 559389
7, 2, 108, 446161
7, 2, 109, 379851
7, 2, 112, 361715
7, 2, 107, 359799
7, 2, 105, 782970
7, 2, 109, 430200
7, 2, 106, 677326
7, 2, 110, 394527
7, 2, 104, 507158
7, 2, 110, 495409
7, 2, 105, 432097
7, 2, 102, 558880
7, 2, 113, 423530
7, 2, 109, 484170
7, 2, 113, 422012
7, 2, 105, 546275
7, 2, 105, 624742
7, 2, 109, 461733
7, 2, 108, 579356
7, 2, 107, 524179
7, 2, 109, 353451
7, 2, 108, 657394
7, 2, 111, 474390
7, 2, 106, 621110
7, 2, 106, 569762
7, 2, 108, 652344
7, 2, 109, 667165
7, 2, 110, 571940
7, 2, 105, 524251
7, 2, 106, 717051
7, 2, 109, 490522
7, 2, 107, 720062
7, 2, 104, 670379
7, 2, 110, 493020
7, 2, 111, 634127
7, 2, 110, 513834
7, 2, 111, 423944
7, 2, 108, 658275
7, 2, 106, 536052
7, 2, 109, 696118
7, 2, 103, 663949
7, 2, 106, 1040837
7, 2, 111, 660235
7, 2, 103, 831877
7, 2, 108, 533114
7, 2, 105, 845351
7, 2, 108, 1087980
7, 2, 108, 794477
7, 2, 105, 698917
7, 2, 110, 800628
7, 2, 108, 1297813
7, 2, 107, 811802
7, 2, 112, 759101
7, 2, 104, 823991
7, 2, 101, 784582
7, 2, 108, 630988
7, 2, 104, 920225
7, 2, 102, 525229
7, 2, 106, 597909
7, 2, 112, 759534
7, 2, 107, 618825
7, 2, 109, 748048
7, 2, 102, 690026
7, 2, 105, 516812
7, 2, 107, 648535
7, 2, 107, 757028
7, 2, 107, 533869
7, 2, 113, 433665
7, 2, 103, 611251
7, 2, 112, 416319
7, 2, 102, 631114
7, 2, 109, 423754
7, 2, 105, 481601
7, 2, 105, 536360
7, 3, 124, 1243880
7, 3, 121, 1293862
7, 3, 120, 1412379
7, 3, 122, 1391327
7, 3, 123, 1150540
7, 3, 122, 1207532
7, 3, 122, 1179944
7, 3, 118, 1394158
7, 3, 120, 1618028
7, 3, 122, 1195353
7, 3, 119, 1681163
7, 3, 119, 1503344
7, 3, 119, 1441431
7, 3, 121, 1238394
7, 3, 123, 1085156
7, 3, 118, 1728369
7, 3, 124, 926916
7, 3, 119, 1740976
7, 3, 123, 1247137
7, 3, 119, 1873392
7, 3, 119, 1655937
7, 3, 123, 1648514
7, 3, 117, 2118190
7, 3, 121, 1780722
7, 3, 117, 2246008
7, 3, 120, 1753873
7, 3, 117, 1728217
7, 3, 123, 1206371
7, 3, 113, 1674569
7, 3, 118, 1358425
7, 3, 118, 1380863
7, 3, 121, 1364386
7, 3, 121, 1684454
7, 3, 123, 1287724
7, 3, 124, 1068699
7, 3, 121, 1490686
7, 3, 116, 1615989
7, 3, 116, 1433985
7, 3, 119, 1621022
7, 3, 116, 1873497
7, 3, 120, 1709200
7, 3, 116, 2163124
7, 3, 116, 2486051
7, 3, 118, 1741224
7, 3, 117, 2063079
7, 3, 121, 1715191
7, 3, 121, 1374809
7, 3, 119, 1378602
7, 3, 118, 1431151
7, 3, 117, 1354007
7, 3, 120, 1143803
7, 3, 120, 1340483
7, 3, 119, 1728397
7, 3, 116, 1584346
7, 3, 120, 1270857
7, 3, 122, 1004322
7, 3, 121, 1372493
7, 3, 120, 1655132
7, 3, 115, 2182466
7, 3, 121, 1633976
7, 3, 120, 1767071
7, 3, 122, 1830805
7, 3, 118, 1987669
7, 3, 121, 1507341
7, 3, 121, 1494773
7, 3, 113, 1962058
7, 3, 121, 1275345
7, 3, 117, 1567270
7, 3, 121, 1195407
7, 3, 123, 1120018
7, 3, 122, 1143869
7, 3, 115, 1676380
7, 3, 121, 1427232
7, 3, 119, 1456751
7, 3, 119, 1810612
7, 3, 121, 1492691
7, 3, 121, 1754710
7, 3, 120, 1616765
7, 3, 113, 2115509
7, 3, 119, 1464239
7, 3, 122, 1276930
7, 3, 118, 1788559
7, 3, 120, 1173991
7, 3, 122, 1271264
7, 3, 119, 1525329
7, 3, 120, 1480496
7, 3, 117, 1822098
7, 3, 116, 1667351
7, 3, 114, 1930337
7, 3, 120, 1306317
7, 3, 120, 2082250
7, 3, 122, 1409057
7, 3, 119, 1940741
7, 3, 114, 2348694
7, 3, 120, 1721904
7, 3, 119, 2041087
7, 3, 119, 1962644
7, 3, 119, 1570338
7, 3, 119, 1640450
7, 3, 119, 1682458
7, 4, 123, 2108420
7, 4, 127, 1518949
7, 4, 125, 1959547
7, 4, 125, 1721852
7, 4, 124, 2046068
7, 4, 124, 1930381
7, 4, 122, 1899845
7, 4, 125, 1672034
7, 4, 125, 1592903
7, 4, 125, 1603731
7, 4, 126, 1574271
7, 4, 124, 1927549
7, 4, 125, 1441625
7, 4, 124, 1503639
7, 4, 125, 1212128
7, 4, 123, 1606612
7, 4, 125, 1141626
7, 4, 125, 1158082
7, 4, 126, 1316757
7, 4, 123, 1547146
7, 4, 126, 984481
7, 4, 126, 1117945
7, 4, 125, 1262803
7, 4, 124, 1413647
7, 4, 124, 1378762
7, 4, 124, 1332550
7, 4, 126, 1154121
7, 4, 125, 1360797
7, 4, 124, 1566921
7, 4, 125, 1123946
7, 4, 126, 1226650
7, 4, 125, 1287934
7, 4, 122, 1502105
7, 4, 125, 1351014
7, 4, 126, 1155231
7, 4, 126, 1035792
7, 4, 123, 1436849
7, 4, 125, 1253732
7, 4, 124, 1384234
7, 4, 127, 971409
7, 4, 126, 1028630
7, 4, 124, 1214062
7, 4, 124, 1485908
7, 4, 124, 1568885
7, 4, 125, 1378445
7, 4, 121, 1816889
7, 4, 124, 1564535
7, 4, 127, 1067504
7, 4, 125, 1708776
7, 4, 125, 1374867
7, 4, 126, 946786
7, 4, 127, 1082919
7, 4, 124, 1497859
7, 4, 123, 1366126
7, 4, 124, 1332381
7, 4, 126, 1125520
7, 4, 125, 1314564
7, 4, 125, 1127705
7, 4, 125, 1212532
7, 4, 124, 1462652
7, 4, 119, 1946729
7, 4, 125, 1395638
7, 4, 121, 1795635
7, 4, 126, 1312266
7, 4, 124, 1583957
7, 4, 124, 1325216
7, 4, 121, 1815747
7, 4, 126, 980724
7, 4, 122, 1416597
7, 4, 123, 1755905
7, 4, 127, 935656
7, 4, 124, 1145498
7, 4, 126, 1101093
7, 4, 121, 1781335
7, 4, 127, 1095219
7, 4, 124, 1211025
7, 4, 127, 1102035
7, 4, 125, 1257721
7, 4, 126, 1161541
7, 4, 126, 1087486
7, 4, 125, 1592421
7, 4, 125, 1053660
7, 4, 122, 1502299
7, 4, 126, 1144114
7, 4, 126, 1138290
7, 4, 123, 1601528
7, 4, 127, 851919
7, 4, 125, 1327158
7, 4, 123, 1567545
7, 4, 122, 1441275
7, 4, 124, 1325237
7, 4, 126, 1121544
7, 4, 126, 1189301
7, 4, 126, 1134504
7, 4, 125, 1144828
7, 4, 125, 1256211
7, 4, 124, 1232794
7, 4, 126, 845573
7, 4, 123, 1386419
7, 4, 124, 1180686
7, 5, 125, 1545956
7, 5, 127, 1263893
7, 5, 127, 1122403
7, 5, 127, 1169667
7, 5, 126, 1186819
7, 5, 127, 1124815
7, 5, 126, 1393745
7, 5, 126, 1542277
7, 5, 127, 1195776
7, 5, 127, 1409678
7, 5, 126, 1294906
7, 5, 125, 1308651
7, 5, 127, 1177893
7, 5, 127, 1212007
7, 5, 125, 1568885
7, 5, 127, 1057442
7, 5, 126, 1307314
7, 5, 125, 1613629
7, 5, 127, 1169302
7, 5, 125, 1614134
7, 5, 125, 1600074
7, 5, 127, 1260536
7, 5, 127, 1531818
7, 5, 127, 1281164
7, 5, 127, 1348102
7, 5, 126, 1440738
7, 5, 127, 1108514
7, 5, 125, 1556421
7, 5, 125, 1554761
7, 5, 127, 1315524
7, 5, 125, 1915564
7, 5, 126, 1624797
7, 5, 127, 1183086
7, 5, 123, 1570952
7, 5, 127, 1262765
7, 5, 126, 1336529
7, 5, 126, 1470960
7, 5, 126, 1348091
7, 5, 125, 1551664
7, 5, 127, 1316928
7, 5, 125, 1445642
7, 5, 127, 1383018
7, 5, 127, 1249773
7, 5, 126, 1462078
7, 5, 125, 1683864
7, 5, 127, 1219086
7, 5, 127, 1530508
7, 5, 126, 1484059
7, 5, 127, 1197994
7, 5, 127, 1402583
7, 5, 127, 1166996
7, 5, 126, 1544490
7, 5, 126, 1522104
7, 5, 126, 1621680
7, 5, 126, 1676315
7, 5, 127, 1219301
7, 5, 126, 1327645
7, 5, 127, 1337727
7, 5, 126, 1233582
7, 5, 126, 1487963
7, 5, 126, 1599879
7, 5, 125, 1643028
7, 5, 125, 1409307
7, 5, 127, 1228276
7, 5, 127, 1344049
7, 5, 127, 1514949
7, 5, 127, 1214282
7, 5, 127, 1169613
7, 5, 127, 1402751
7, 5, 127, 1247583
7, 5, 123, 1826980
7, 5, 124, 1561367
7, 5, 127, 1122143
7, 5, 127, 1198248
7, 5, 125, 1430501
7, 5, 127, 1445693
7, 5, 126, 1394540
7, 5, 127, 1265873
7, 5, 125, 1437920
7, 5, 127, 1276837
7, 5, 125, 1466904
7, 5, 127, 1056732
7, 5, 126, 1374342
7, 5, 125, 1375762
7, 5, 126, 1442670
7, 5, 126, 1327259
7, 5, 126, 1323691
7, 5, 125, 1422835
7, 5, 125, 1567258
7, 5, 127, 1372522
7, 5, 127, 1271274
7, 5, 127, 1382072
7, 5, 127, 1292288
7, 5, 126, 1535693
7, 5, 125, 1440750
7, 5, 127, 1337482
7, 5, 126, 1363736
7, 5, 127, 1416716
7, 5, 126, 1425126
7, 5, 125, 1379057
7, 6, 127, 1360127
7, 6, 126, 1567281
7, 6, 125, 1737692
7, 6, 127, 1533276
7, 6, 127, 1328409
7, 6, 127, 1411418
7, 6, 127, 1514369
7, 6, 127, 1451311
7, 6, 127, 1422438
7, 6, 126, 1624008
7, 6, 126, 1611664
7, 6, 126, 1575183
7, 6, 127, 1575137
7, 6, 125, 1678714
7, 6, 125, 1580860
7, 6, 127, 1249428
7, 6, 127, 1390315
7, 6, 127, 1490755
7, 6, 127, 1424351
7, 6, 127, 1654323
7, 6, 126, 1571247
7, 6, 127, 1507368
7, 6, 127, 1426647
7, 6, 127, 1569148
7, 6, 127, 1441555
7, 6, 126, 1594540
7, 6, 127, 1446908
7, 6, 127, 1770625
7, 6, 127, 2051334
7, 6, 126, 2386573
7, 6, 127, 2116926
7, 6, 127, 2020714
7, 6, 127, 1940335
7, 6, 127, 2089026
7, 6, 127, 1831617
7, 6, 126, 2437023
7, 6, 127, 1581163
7, 6, 127, 1636835
7, 6, 127, 1629471
7, 6, 126, 1748910
7, 6, 127, 1613731
7, 6, 127, 1530216
7, 6, 127, 1554381
7, 6, 127, 1538869
7, 6, 126, 1424668
7, 6, 127, 1330244
7, 6, 127, 1372014
7, 6, 127, 1477438
7, 6, 126, 1652386
7, 6, 127, 1555860
7, 6, 126, 1609914
7, 6, 125, 1823857
7, 6, 126, 1673882
7, 6, 126, 1711615
7, 6, 127, 1682081
7, 6, 127, 1543479
7, 6, 127, 1398973
7, 6, 127, 1377390
7, 6, 127, 1310448
7, 6, 127, 1521473
7, 6, 127, 1395153
7, 6, 126, 1677455
7, 6, 127, 1406372
7, 6, 126, 1565701
7, 6, 125, 1701254
7, 6, 127, 1425426
7, 6, 127, 1636738
7, 6, 127, 1298760
7, 6, 126, 1652171
7, 6, 127, 1354464
7, 6, 127, 1501558
7, 6, 127, 1385850
7, 6, 127, 1195996
7, 6, 127, 1358753
7, 6, 126, 1474801
7, 6, 127, 1433658
7, 6, 127, 1449341
7, 6, 127, 1568031
7, 6, 127, 1710924
7, 6, 127, 1495724
7, 6, 127, 1386902
7, 6, 127, 1603336
7, 6, 127, 1488448
7, 6, 127, 1396917
7, 6, 126, 1591893
7, 6, 126, 1556705
7, 6, 127, 1609221
7, 6, 127, 1425917
7, 6, 127, 1347580
7, 6, 127, 1530306
7, 6, 126, 1634737
7, 6, 127, 1416612
7, 6, 127, 1390141
7, 6, 125, 1747199
7, 6, 127, 1432163
7, 6, 127, 1404253
7, 6, 127, 1614643
7, 6, 127, 1453156
7, 6, 127, 1420646
7, 6, 127, 1468696
7, 7, 126, 2014751
7, 7, 127, 1642334
7, 7, 127, 1738999
7, 7, 127, 1826957
7, 7, 127, 1851235
7, 7, 127, 1797707
7, 7, 127, 1798869
7, 7, 127, 1632677
7, 7, 127, 1624264
7, 7, 127, 1508566
7, 7, 127, 1440182
7, 7, 126, 2029137
7, 7, 127, 1617777
7, 7, 127, 1696322
7, 7, 127, 1683513
7, 7, 127, 1577861
7, 7, 127, 1634180
7, 7, 127, 1619737
7, 7, 127, 1722846
7, 7, 127, 1817758
7, 7, 126, 1647228
7, 7, 127, 1789198
7, 7, 127, 1610525
7, 7, 127, 1773565
7, 7, 127, 1767777
7, 7, 127, 1775796
7, 7, 127, 1518128
7, 7, 127, 1624220
7, 7, 127, 1555158
7, 7, 127, 1668971
7, 7, 127, 1669254
7, 7, 127, 1749138
7, 7, 127, 1785191
7, 7, 127, 1672402
7, 7, 127, 1600781
7, 7, 127, 1816051
7, 7, 127, 1737774
7, 7, 127, 1692671
7, 7, 127, 1627763
7, 7, 127, 1882510
7, 7, 127, 1687734
7, 7, 126, 1887068
7, 7, 127, 1837543
7, 7, 127, 1632720
7, 7, 127, 1743598
7, 7, 127, 1757820
7, 7, 127, 1576189
7, 7, 127, 1676453
7, 7, 127, 1506564
7, 7, 127, 1899093
7, 7, 126, 1889124
7, 7, 127, 1685267
7, 7, 127, 1893427
7, 7, 127, 1709422
7, 7, 127, 1772867
7, 7, 127, 2306295
7, 7, 127, 2617656
7, 7, 127, 2192090
7, 7, 127, 1843214
7, 7, 127, 1573568
7, 7, 127, 1499045
7, 7, 127, 1528345
7, 7, 127, 1806231
7, 7, 127, 1662227
7, 7, 127, 1603725
7, 7, 127, 1804276
7, 7, 127, 1650911
7, 7, 127, 1729842
7, 7, 127, 1721923
7, 7, 127, 1672907
7, 7, 127, 1754070
7, 7, 127, 1597550
7, 7, 127, 1599717
7, 7, 127, 1744950
7, 7, 127, 1639280
7, 7, 127, 1577450
7, 7, 127, 1688461
7, 7, 127, 1746917
7, 7, 127, 1581054
7, 7, 127, 1799028
7, 7, 127, 1554442
7, 7, 127, 1532724
7, 7, 127, 1669350
7, 7, 127, 1677456
7, 7, 127, 1580189
7, 7, 127, 3410526
7, 7, 127, 3889711
7, 7, 127, 4050200
7, 7, 127, 2214873
7, 7, 127, 1678230
7, 7, 126, 1704829
7, 7, 127, 1614966
7, 7, 127, 1848577
7, 7, 127, 1745497
7, 7, 127, 1568765
7, 7, 127, 1580012
7, 7, 127, 1595314
7, 7, 127, 1751967
7, 7, 127, 1695701
7, 7, 127, 1695068
8, 1, 155, 461661
8, 1, 153, 469575
8, 1, 159, 444853
8, 1, 165, 463134
8, 1, 162, 445114
8, 1, 159, 448984
8, 1, 159, 452572
8, 1, 168, 420029
8, 1, 162, 438584
8, 1, 158, 497476
8, 1, 160, 448147
8, 1, 157, 480224
8, 1, 156, 456338
8, 1, 156, 469169
8, 1, 157, 449993
8, 1, 172, 414835
8, 1, 155, 454720
8, 1, 163, 437906
8, 1, 172, 425349
8, 1, 156, 449684
8, 1, 158, 464033
8, 1, 163, 440844
8, 1, 154, 459047
8, 1, 157, 478602
8, 1, 154, 468395
8, 1, 158, 446871
8, 1, 152, 465804
8, 1, 166, 448450
8, 1, 161, 447486
8, 1, 165, 424528
8, 1, 170, 422093
8, 1, 157, 451266
8, 1, 164, 438063
8, 1, 162, 446640
8, 1, 159, 499141
8, 1, 159, 442802
8, 1, 157, 450856
8, 1, 165, 426871
8, 1, 163, 446527
8, 1, 162, 446383
8, 1, 168, 429611
8, 1, 162, 456167
8, 1, 158, 474518
8, 1, 159, 454757
8, 1, 157, 466233
8, 1, 169, 462930
8, 1, 157, 470235
8, 1, 161, 615699
8, 1, 165, 915882
8, 1, 165, 712667
8, 1, 153, 767853
8, 1, 159, 751796
8, 1, 160, 747322
8, 1, 158, 786945
8, 1, 164, 739282
8, 1, 165, 730832
8, 1, 164, 761254
8, 1, 158, 765906
8, 1, 159, 760001
8, 1, 160, 757761
8, 1, 165, 700873
8, 1, 159, 443451
8, 1, 160, 445679
8, 1, 160, 444648
8, 1, 157, 449215
8, 1, 171, 412362
8, 1, 160, 442549
8, 1, 165, 437671
8, 1, 155, 456526
8, 1, 162, 455400
8, 1, 164, 434382
8, 1, 158, 448788
8, 1, 164, 442847
8, 1, 149, 504983
8, 1, 165, 465071
8, 1, 147, 479868
8, 1, 167, 430513
8, 1, 156, 494789
8, 1, 170, 417665
8, 1, 160, 449372
8, 1, 160, 444977
8, 1, 174, 438722
8, 1, 157, 516248
8, 1, 164, 438440
8, 1, 164, 431184
8, 1, 152, 465045
8, 1, 161, 435232
8, 1, 163, 443165
8, 1, 165, 438161
8, 1, 153, 460794
8, 1, 159, 438696
8, 1, 163, 434977
8, 1, 157, 447077
8, 1, 162, 447236
8, 1, 159, 445359
8, 1, 165, 429526
8, 1, 153, 473247
8, 1, 161, 440219
8, 1, 153, 474673
8, 1, 158, 465119
8, 2, 218, 2875806
8, 2, 214, 3419192
8, 2, 209, 5000945
8, 2, 214, 2568050
8, 2, 211, 2705077
8, 2, 207, 2981990
8, 2, 221, 2634644
8, 2, 215, 2155421
8, 2, 210, 2865059
8, 2, 218, 2177000
8, 2, 216, 2112778
8, 2, 216, 2419316
8, 2, 208, 2325482
8, 2, 209, 2382482
8, 2, 217, 1867220
8, 2, 214, 1993395
8, 2, 215, 2624880
8, 2, 211, 2841235
8, 2, 214, 2219865
8, 2, 218, 2696197
8, 2, 213, 2105679
8, 2, 213, 2684615
8, 2, 215, 3971655
8, 2, 215, 3234133
8, 2, 217, 1980184
8, 2, 217, 2675411
8, 2, 215, 2882183
8, 2, 215, 2384023
8, 2, 221, 2862061
8, 2, 217, 2317160
8, 2, 211, 2894387
8, 2, 211, 2539968
8, 2, 212, 3013692
8, 2, 216, 2077048
8, 2, 213, 1654314
8, 2, 217, 2266415
8, 2, 215, 2644253
8, 2, 213, 2689222
8, 2, 216, 3070230
8, 2, 215, 2770752
8, 2, 209, 2436636
8, 2, 214, 3227121
8, 2, 214, 1986831
8, 2, 221, 2160495
8, 2, 210, 2795962
8, 2, 215, 2442929
8, 2, 205, 2804425
8, 2, 215, 2682726
8, 2, 217, 2700539
8, 2, 215, 2297026
8, 2, 219, 1946919
8, 2, 214, 3022083
8, 2, 211, 2353309
8, 2, 216, 2677869
8, 2, 218, 2436579
8, 2, 210, 2984376
8, 2, 213, 2911111
8, 2, 217, 2283919
8, 2, 208, 3267198
8, 2, 211, 2794734
8, 2, 212, 2203518
8, 2, 215, 2197100
8, 2, 222, 1792262
8, 2, 209, 2350685
8, 2, 215, 1959644
8, 2, 218, 1687591
8, 2, 203, 2573743
8, 2, 213, 2968303
8, 2, 211, 2152870
8, 2, 212, 3040558
8, 2, 207, 1962814
8, 2, 217, 2803128
8, 2, 215, 2615367
8, 2, 218, 2655374
8, 2, 217, 2623841
8, 2, 215, 2410847
8, 2, 212, 2274072
8, 2, 205, 3547274
8, 2, 216, 3236435
8, 2, 216, 2223289
8, 2, 210, 2903829
8, 2, 209, 2794873
8, 2, 205, 2488076
8, 2, 213, 2397928
8, 2, 218, 1639348
8, 2, 205, 2988761
8, 2, 217, 2398174
8, 2, 210, 2208344
8, 2, 213, 3248128
8, 2, 210, 2574171
8, 2, 214, 2006643
8, 2, 210, 3381719
8, 2, 217, 2430811
8, 2, 216, 2298962
8, 2, 214, 2159399
8, 2, 203, 2387150
8, 2, 213, 3679774
8, 2, 212, 2655148
8, 2, 212, 2656289
8, 2, 226, 1774448
8, 3, 233, 12567152
8, 3, 242, 8722458
8, 3, 243, 9491356
8, 3, 243, 9141717
8, 3, 240, 8896771
8, 3, 247, 8878831
8, 3, 238, 9644430
8, 3, 242, 8366099
8, 3, 241, 9405776
8, 3, 240, 8083946
8, 3, 241, 9588187
8, 3, 234, 10993807
8, 3, 236, 10790740
8, 3, 236, 10423439
8, 3, 240, 9088823
8, 3, 239, 9426729
8, 3, 235, 9955106
8, 3, 239, 9095670
8, 3, 238, 9699151
8, 3, 239, 10693522
8, 3, 240, 9582538
8, 3, 239, 8538269
8, 3, 238, 10619199
8, 3, 240, 10967580
8, 3, 241, 10097855
8, 3, 240, 9590699
8, 3, 241, 9592570
8, 3, 241, 8972737
8, 3, 242, 9827741
8, 3, 235, 11682087
8, 3, 234, 15736732
8, 3, 239, 10181285
8, 3, 243, 7768094
8, 3, 235, 11157355
8, 3, 242, 8571998
8, 3, 237, 10096041
8, 3, 244, 8230519
8, 3, 238, 9362300
8, 3, 233, 11202943
8, 3, 241, 12532324
8, 3, 239, 14159813
8, 3, 235, 13066199
8, 3, 245, 7940761
8, 3, 239, 10453893
8, 3, 243, 7993863
8, 3, 239, 10073325
8, 3, 242, 9153125
8, 3, 242, 8261613
8, 3, 235, 10611136
8, 3, 242, 7332361
8, 3, 242, 9995161
8, 3, 238, 11236910
8, 3, 244, 7338214
8, 3, 237, 10252684
8, 3, 240, 14957055
8, 3, 242, 9672623
8, 3, 245, 7788997
8, 3, 236, 9703133
8, 3, 242, 7757564
8, 3, 240, 9512041
8, 3, 232, 12036187
8, 3, 241, 8337678
8, 3, 239, 11452621
8, 3, 241, 8615707
8, 3, 241, 10407157
8, 3, 239, 9552067
8, 3, 244, 8469209
8, 3, 240, 9834512
8, 3, 242, 9444456
8, 3, 235, 10265037
8, 3, 239, 9634484
8, 3, 242, 8889078
8, 3, 237, 9863738
8, 3, 240, 9849149
8, 3, 238, 10199436
8, 3, 239, 9326184
8, 3, 241, 8636811
8, 3, 237, 10585614
8, 3, 236, 9673171
8, 3, 242, 9182187
8, 3, 245, 9741220
8, 3, 241, 8792781
8, 3, 236, 12037565
8, 3, 240, 9746394
8, 3, 239, 10501590
8, 3, 239, 9751761
8, 3, 242, 9264895
8, 3, 240, 10279528
8, 3, 240, 10488733
8, 3, 242, 8419209
8, 3, 240, 9721145
8, 3, 236, 10970102
8, 3, 241, 8067505
8, 3, 241, 8715226
8, 3, 239, 9808249
8, 3, 240, 9365512
8, 3, 242, 8583773
8, 3, 239, 10223384
8, 3, 237, 10290477
8, 3, 238, 10389689
8, 4, 250, 8462550
8, 4, 250, 7598963
8, 4, 245, 12308216
8, 4, 252, 7529806
8, 4, 248, 8954976
8, 4, 254, 5764039
8, 4, 251, 6493655
8, 4, 253, 6995086
8, 4, 250, 8835833
8, 4, 254, 6075832
8, 4, 252, 6033411
8, 4, 250, 7781652
8, 4, 251, 7813641
8, 4, 249, 9216412
8, 4, 250, 8151380
8, 4, 255, 4809664
8, 4, 250, 7522810
8, 4, 249, 8673405
8, 4, 247, 8656576
8, 4, 252, 7466013
8, 4, 252, 7939723
8, 4, 250, 8783594
8, 4, 251, 6985624
8, 4, 255, 5821177
8, 4, 252, 6689108
8, 4, 246, 9418614
8, 4, 252, 8003219
8, 4, 246, 9672810
8, 4, 251, 8699554
8, 4, 250, 9550203
8, 4, 253, 6458395
8, 4, 247, 9533650
8, 4, 247, 8939682
8, 4, 249, 8331644
8, 4, 251, 7496793
8, 4, 250, 7418622
8, 4, 248, 13065444
8, 4, 251, 7195787
8, 4, 252, 7105459
8, 4, 248, 8144817
8, 4, 247, 8932942
8, 4, 245, 10260759
8, 4, 248, 8832964
8, 4, 248, 9201359
8, 4, 251, 7470433
8, 4, 247, 12937928
8, 4, 250, 11096030
8, 4, 247, 9553742
8, 4, 251, 9751399
8, 4, 248, 9835691
8, 4, 248, 9191973
8, 4, 249, 8560732
8, 4, 247, 9407526
8, 4, 247, 16924807
8, 4, 250, 7753195
8, 4, 250, 7809850
8, 4, 249, 8847075
8, 4, 253, 6919596
8, 4, 249, 8849601
8, 4, 244, 11001054
8, 4, 249, 8876524
8, 4, 253, 6611076
8, 4, 250, 8124682
8, 4, 249, 8814221
8, 4, 249, 8526726
8, 4, 251, 7293041
8, 4, 249, 8733293
8, 4, 249, 8225337
8, 4, 254, 6946895
8, 4, 248, 8218662
8, 4, 250, 7926012
8, 4, 249, 8230025
8, 4, 253, 8461896
8, 4, 250, 7979706
8, 4, 248, 8778420
8, 4, 252, 6660960
8, 4, 253, 5974020
8, 4, 250, 8395909
8, 4, 252, 6333700
8, 4, 248, 8693483
8, 4, 250, 7781671
8, 4, 250, 7709447
8, 4, 250, 7947933
8, 4, 249, 8563231
8, 4, 245, 9329639
8, 4, 249, 8438425
8, 4, 250, 10729521
8, 4, 250, 8231514
8, 4, 250, 6847826
8, 4, 247, 9968388
8, 4, 250, 8097020
8, 4, 249, 7970882
8, 4, 251, 7686328
8, 4, 249, 8005480
8, 4, 253, 6739032
8, 4, 250, 7850093
8, 4, 254, 6550047
8, 4, 250, 8376545
8, 4, 248, 8326070
8, 4, 248, 8988074
8, 5, 251, 9011905
8, 5, 254, 7644664
8, 5, 253, 8295011
8, 5, 253, 7908627
8, 5, 255, 7260714
8, 5, 254, 7074917
8, 5, 251, 8733548
8, 5, 252, 8566114
8, 5, 253, 7567973
8, 5, 255, 7476626
8, 5, 254, 6961571
8, 5, 253, 8114277
8, 5, 253, 8128261
8, 5, 254, 7928877
8, 5, 249, 10193371
8, 5, 253, 7964991
8, 5, 255, 7253781
8, 5, 253, 8424849
8, 5, 252, 8613516
8, 5, 252, 8164159
8, 5, 255, 7471768
8, 5, 252, 8444145
8, 5, 253, 9116154
8, 5, 253, 7614924
8, 5, 253, 7793337
8, 5, 253, 7542941
8, 5, 253, 8643263
8, 5, 254, 7900506
8, 5, 252, 9269251
8, 5, 254, 7353335
8, 5, 250, 9894603
8, 5, 252, 10070588
8, 5, 254, 7380159
8, 5, 253, 8098776
8, 5, 254, 7868048
8, 5, 250, 10067086
8, 5, 254, 8384556
8, 5, 250, 9695521
8, 5, 254, 7117918
8, 5, 254, 8040467
8, 5, 252, 9744283
8, 5, 252, 10107742
8, 5, 249, 10488493
8, 5, 252, 8450543
8, 5, 253, 12159313
8, 5, 253, 13347574
8, 5, 252, 12280575
8, 5, 253, 10577535
8, 5, 252, 9341665
8, 5, 253, 8387849
8, 5, 253, 11356537
8, 5, 253, 9256314
8, 5, 254, 7430409
8, 5, 251, 10056279
8, 5, 250, 11170936
8, 5, 253, 10922925
8, 5, 254, 8442828
8, 5, 253, 8225003
8, 5, 254, 7728020
8, 5, 255, 8821165
8, 5, 252, 10055579
8, 5, 253, 8916866
8, 5, 254, 8862850
8, 5, 253, 8465149
8, 5, 254, 8774794
8, 5, 252, 11997463
8, 5, 254, 7582318
8, 5, 252, 10413028
8, 5, 253, 8735247
8, 5, 251, 12500072
8, 5, 252, 9348993
8, 5, 253, 10015027
8, 5, 255, 7137715
8, 5, 254, 8057311
8, 5, 254, 7610709
8, 5, 254, 10221361
8, 5, 253, 9165946
8, 5, 254, 7826539
8, 5, 254, 7316230
8, 5, 253, 8324116
8, 5, 253, 8685998
8, 5, 253, 7355445
8, 5, 253, 8178973
8, 5, 252, 8378870
8, 5, 255, 9534916
8, 5, 252, 9361452
8, 5, 254, 7421998
8, 5, 254, 9745835
8, 5, 255, 10123965
8, 5, 250, 10107515
8, 5, 254, 9414479
8, 5, 255, 6681699
8, 5, 254, 8394673
8, 5, 253, 8328862
8, 5, 252, 9787348
8, 5, 254, 6963759
8, 5, 252, 9438739
8, 5, 254, 7940492
8, 5, 252, 8258500
8, 5, 252, 8870830
8, 6, 253, 10029008
8, 6, 255, 8959331
8, 6, 255, 7761120
8, 6, 255, 8194164
8, 6, 255, 8491343
8, 6, 255, 7586533
8, 6, 255, 11649111
8, 6, 255, 11277966
8, 6, 254, 9656675
8, 6, 255, 8727755
8, 6, 255, 7844384
8, 6, 255, 8020467
8, 6, 255, 8525963
8, 6, 255, 9000800
8, 6, 254, 8904072
8, 6, 255, 7911069
8, 6, 254, 9128895
8, 6, 255, 7574128
8, 6, 253, 9769827
8, 6, 255, 8303190
8, 6, 253, 9354962
8, 6, 255, 8779787
8, 6, 255, 7875210
8, 6, 253, 9560868
8, 6, 255, 8792759
8, 6, 255, 8223153
8, 6, 255, 8203862
8, 6, 255, 10356794
8, 6, 254, 13404091
8, 6, 255, 8732024
8, 6, 253, 10047415
8, 6, 255, 9501972
8, 6, 255, 8816320
8, 6, 254, 8944730
8, 6, 255, 8798367
8, 6, 255, 12502877
8, 6, 255, 10166929
8, 6, 255, 8465371
8, 6, 255, 8418926
8, 6, 255, 8258942
8, 6, 253, 10127312
8, 6, 255, 8683275
8, 6, 254, 9083379
8, 6, 253, 9620739
8, 6, 254, 14415738
8, 6, 254, 12035826
8, 6, 254, 12948208
8, 6, 254, 10569782
8, 6, 254, 11110717
8, 6, 254, 8823753
8, 6, 255, 8726501
8, 6, 254, 8664488
8, 6, 255, 8564634
8, 6, 254, 9207679
8, 6, 255, 8592267
8, 6, 254, 8518426
8, 6, 255, 7899294
8, 6, 254, 8988585
8, 6, 254, 9305765
8, 6, 254, 10456680
8, 6, 255, 8073492
8, 6, 253, 8362276
8, 6, 255, 8277352
8, 6, 254, 9667298
8, 6, 254, 8377474
8, 6, 255, 8610607
8, 6, 255, 9148874
8, 6, 255, 8245221
8, 6, 255, 9337337
8, 6, 254, 9018609
8, 6, 254, 8776707
8, 6, 255, 8216415
8, 6, 255, 8777735
8, 6, 254, 9380607
8, 6, 254, 9365233
8, 6, 254, 9116633
8, 6, 255, 8692609
8, 6, 255, 8303867
8, 6, 255, 8920499
8, 6, 253, 9296001
8, 6, 255, 9134127
8, 6, 255, 9160771
8, 6, 254, 9676883
8, 6, 255, 9003543
8, 6, 254, 11387470
8, 6, 255, 8152386
8, 6, 254, 9146318
8, 6, 255, 8319049
8, 6, 253, 9697506
8, 6, 254, 8735208
8, 6, 255, 8619760
8, 6, 255, 8744501
8, 6, 255, 8463135
8, 6, 255, 8152178
8, 6, 255, 9127731
8, 6, 254, 9469925
8, 6, 255, 8523240
8, 6, 255, 8559493
8, 6, 254, 9360783
8, 6, 255, 9759712
8, 7, 254, 11024830
8, 7, 255, 14094232
8, 7, 255, 11557790
8, 7, 255, 10049867
8, 7, 254, 11139956
8, 7, 255, 9239062
8, 7, 255, 10295884
8, 7, 255, 10371498
8, 7, 255, 10492656
8, 7, 255, 9280525
8, 7, 254, 11092639
8, 7, 254, 11175388
8, 7, 255, 10473772
8, 7, 255, 9601013
8, 7, 255, 10939941
8, 7, 255, 9892661
8, 7, 255, 10444879
8, 7, 255, 9802299
8, 7, 255, 10406791
8, 7, 255, 10157721
8, 7, 255, 10374765
8, 7, 255, 10305449
8, 7, 255, 10218557
8, 7, 255, 10244886
8, 7, 255, 10005449
8, 7, 255, 9849769
8, 7, 255, 10187086
8, 7, 255, 10038180
8, 7, 255, 9826514
8, 7, 254, 11550552
8, 7, 255, 10630491
8, 7, 255, 10317985
8, 7, 255, 11074859
8, 7, 254, 10906255
8, 7, 255, 13505734
8, 7, 255, 11582226
8, 7, 255, 9981769
8, 7, 255, 10176572
8, 7, 254, 10915623
8, 7, 255, 9828416
8, 7, 255, 9415317
8, 7, 255, 10818666
8, 7, 255, 9364958
8, 7, 255, 10282636
8, 7, 255, 10484723
8, 7, 255, 9594281
8, 7, 255, 10701066
8, 7, 255, 9417123
8, 7, 255, 10465379
8, 7, 254, 10601784
8, 7, 255, 11047124
8, 7, 255, 10585711
8, 7, 255, 10252893
8, 7, 255, 10445383
8, 7, 255, 9874308
8, 7, 254, 10613481
8, 7, 255, 10029117
8, 7, 255, 10628680
8, 7, 255, 10327483
8, 7, 255, 10332547
8, 7, 253, 10889897
8, 7, 254, 11123626
8, 7, 255, 10316316
8, 7, 255, 10203971
8, 7, 254, 11406760
8, 7, 255, 10052959
8, 7, 255, 10591736
8, 7, 255, 11863784
8, 7, 255, 13062395
8, 7, 255, 12560589
8, 7, 255, 10851844
8, 7, 255, 10143668
8, 7, 255, 9192609
8, 7, 255, 10690800
8, 7, 255, 9391736
8, 7, 255, 10095402
8, 7, 254, 9818792
8, 7, 255, 9777364
8, 7, 255, 10018176
8, 7, 255, 9917824
8, 7, 255, 9801254
8, 7, 254, 10567343
8, 7, 255, 11183587
8, 7, 254, 10669886
8, 7, 255, 9836990
8, 7, 255, 9875854
8, 7, 255, 10223919
8, 7, 255, 10960551
8, 7, 255, 10508375
8, 7, 255, 10202007
8, 7, 254, 10423156
8, 7, 255, 10086536
8, 7, 255, 10486447
8, 7, 255, 10113748
8, 7, 254, 10673004
8, 7, 255, 11078937
8, 7, 255, 10162029
8, 7, 255, 9354195
8, 7, 255, 9825365
8, 7, 255, 9760380
8, 8, 255, 12438617
8, 8, 255, 11969382
8, 8, 255, 13914208
8, 8, 255, 12820053
8, 8, 255, 12446907
8, 8, 255, 13399719
8, 8, 254, 12543275
8, 8, 255, 11597850
8, 8, 255, 12128335
8, 8, 255, 11956733
8, 8, 255, 13749724
8, 8, 255, 11107430
8, 8, 255, 11982077
8, 8, 255, 12092510
8, 8, 255, 11643341
8, 8, 255, 11715745
8, 8, 255, 12594408
8, 8, 255, 12216068
8, 8, 255, 11345483
8, 8, 255, 10768428
8, 8, 255, 11056894
8, 8, 255, 12372904
8, 8, 255, 12086947
8, 8, 255, 12148076
8, 8, 255, 11768322
8, 8, 255, 12147701
8, 8, 255, 14299680
8, 8, 255, 12438605
8, 8, 255, 11215947
8, 8, 255, 11422121
8, 8, 255, 12790319
8, 8, 255, 14871304
8, 8, 255, 11329866
8, 8, 255, 12635200
8, 8, 255, 11103942
8, 8, 255, 11468314
8, 8, 255, 11216448
8, 8, 255, 13340367
8, 8, 255, 11756009
8, 8, 255, 12172233
8, 8, 254, 13141400
8, 8, 254, 12500411
8, 8, 255, 12291440
8, 8, 255, 12299978
8, 8, 255, 12068314
8, 8, 255, 11990144
8, 8, 255, 12053622
8, 8, 254, 12850482
8, 8, 255, 12308200
8, 8, 255, 12250461
8, 8, 255, 12530773
8, 8, 255, 12609859
8, 8, 255, 11410812
8, 8, 255, 11260981
8, 8, 255, 11337119
8, 8, 255, 12843272
8, 8, 255, 12550655
8, 8, 255, 14091052
8, 8, 255, 14025733
8, 8, 255, 11877246
8, 8, 255, 12848367
8, 8, 255, 12086054
8, 8, 255, 14789479
8, 8, 255, 15279900
8, 8, 255, 15653753
8, 8, 255, 12181843
8, 8, 255, 13448883
8, 8, 255, 12754928
8, 8, 255, 12471696
8, 8, 254, 11685582
8, 8, 255, 17924687
8, 8, 255, 12605911
8, 8, 255, 12201756
8, 8, 255, 11900091
8, 8, 255, 11730986
8, 8, 255, 11346830
8, 8, 255, 12708353
8, 8, 255, 11547005
8, 8, 255, 12216585
8, 8, 255, 12055313
8, 8, 255, 12219301
8, 8, 255, 12003542
8, 8, 255, 11782651
8, 8, 255, 12161377
8, 8, 255, 12062373
8, 8, 255, 11966814
8, 8, 255, 12025970
8, 8, 255, 12541766
8, 8, 255, 13725935
8, 8, 254, 13562629
8, 8, 255, 12427196
8, 8, 255, 16521615
8, 8, 255, 12003736
8, 8, 255, 12769144
8, 8, 255, 13419905
8, 8, 255, 11843849
8, 8, 255, 11893045
8, 8, 255, 11806930
8, 8, 255, 12123655
8, 8, 255, 12111456
9, 1, 321, 1840727
9, 1, 321, 1805368
9, 1, 323, 1735001
9, 1, 319, 1779998
9, 1, 323, 1985946
9, 1, 304, 1848619
9, 1, 323, 1790577
9, 1, 326, 1749699
9, 1, 328, 1800031
9, 1, 311, 1878282
9, 1, 331, 1807185
9, 1, 325, 1854317
9, 1, 327, 1857355
9, 1, 326, 1864550
9, 1, 329, 1827782
9, 1, 322, 1847526
9, 1, 321, 1867298
9, 1, 330, 1732512
9, 1, 333, 1752463
9, 1, 326, 1925300
9, 1, 321, 1762161
9, 1, 323, 1793913
9, 1, 323, 1748826
9, 1, 322, 1717234
9, 1, 323, 1758377
9, 1, 325, 1733203
9, 1, 325, 1764127
9, 1, 328, 1858326
9, 1, 323, 1870868
9, 1, 336, 1896919
9, 1, 332, 1834589
9, 1, 330, 1846840
9, 1, 331, 1801733
9, 1, 314, 2368097
9, 1, 326, 2501158
9, 1, 313, 2849670
9, 1, 325, 1879116
9, 1, 326, 1855416
9, 1, 325, 1742842
9, 1, 324, 1738433
9, 1, 310, 1812827
9, 1, 329, 1836267
9, 1, 318, 1765836
9, 1, 322, 1760717
9, 1, 323, 1869996
9, 1, 329, 1815977
9, 1, 315, 1930137
9, 1, 319, 2102365
9, 1, 324, 1885369
9, 1, 324, 1854182
9, 1, 315, 1866811
9, 1, 330, 1826519
9, 1, 305, 1899034
9, 1, 320, 1782387
9, 1, 316, 1833590
9, 1, 320, 1800447
9, 1, 331, 1692708
9, 1, 321, 1759907
9, 1, 311, 1851666
9, 1, 321, 1749472
9, 1, 319, 1812276
9, 1, 316, 1772125
9, 1, 322, 2120563
9, 1, 325, 1841477
9, 1, 326, 1893816
9, 1, 328, 1840878
9, 1, 320, 1846813
9, 1, 324, 1864019
9, 1, 318, 1861613
9, 1, 326, 2131377
9, 1, 316, 1862173
9, 1, 324, 1820905
9, 1, 329, 1749137
9, 1, 331, 1676607
9, 1, 327, 1785105
9, 1, 322, 1813545
9, 1, 334, 1872300
9, 1, 318, 1741575
9, 1, 321, 1789867
9, 1, 324, 1842655
9, 1, 324, 1910502
9, 1, 315, 1905713
9, 1, 333, 1791192
9, 1, 327, 1836759
9, 1, 332, 1817244
9, 1, 330, 1839534
9, 1, 318, 1871819
9, 1, 331, 1784833
9, 1, 329, 1738454
9, 1, 323, 1824857
9, 1, 329, 1838774
9, 1, 316, 1941253
9, 1, 318, 1843925
9, 1, 315, 1719668
9, 1, 331, 1690511
9, 1, 321, 1738850
9, 1, 315, 1850085
9, 1, 337, 2230126
9, 1, 321, 2764730
9, 1, 316, 2889158
9, 2, 429, 16230269
9, 2, 428, 15411329
9, 2, 435, 11099081
9, 2, 429, 17043141
9, 2, 429, 9380176
9, 2, 433, 12316888
9, 2, 432, 14976965
9, 2, 428, 11641606
9, 2, 440, 13935923
9, 2, 438, 13582799
9, 2, 433, 10620738
9, 2, 432, 13432204
9, 2, 430, 10506871
9, 2, 431, 18098374
9, 2, 430, 12157001
9, 2, 434, 14085265
9, 2, 431, 18771822
9, 2, 428, 17471283
9, 2, 429, 14723921
9, 2, 435, 10633230
9, 2, 423, 21152166
9, 2, 424, 13287039
9, 2, 430, 15157354
9, 2, 426, 15396004
9, 2, 422, 12333130
9, 2, 425, 20455883
9, 2, 430, 10043583
9, 2, 422, 12100623
9, 2, 432, 10418231
9, 2, 434, 11729947
9, 2, 432, 10593185
9, 2, 433, 9838509
9, 2, 434, 11515124
9, 2, 427, 12087441
9, 2, 420, 13345921
9, 2, 427, 12334730
9, 2, 425, 13740944
9, 2, 427, 10810877
9, 2, 432, 10252065
9, 2, 428, 11858247
9, 2, 428, 12163612
9, 2, 442, 14230980
9, 2, 436, 10794503
9, 2, 435, 11881718
9, 2, 434, 11337330
9, 2, 430, 11807924
9, 2, 438, 10814553
9, 2, 430, 11543428
9, 2, 430, 15565988
9, 2, 434, 14964426
9, 2, 430, 15272604
9, 2, 432, 14815504
9, 2, 437, 16861235
9, 2, 428, 14306234
9, 2, 414, 20656111
9, 2, 422, 11655903
9, 2, 422, 14589943
9, 2, 424, 13199894
9, 2, 439, 8535600
9, 2, 428, 15083142
9, 2, 429, 13344695
9, 2, 427, 12610924
9, 2, 435, 11604647
9, 2, 437, 12643024
9, 2, 425, 17024124
9, 2, 430, 16102023
9, 2, 435, 11315745
9, 2, 432, 14251884
9, 2, 423, 25266334
9, 2, 435, 12502317
9, 2, 422, 12998803
9, 2, 428, 13483433
9, 2, 420, 14292219
9, 2, 432, 12266653
9, 2, 437, 12126707
9, 2, 435, 17890039
9, 2, 432, 19861813
9, 2, 425, 15479324
9, 2, 433, 11877997
9, 2, 436, 10337648
9, 2, 434, 12814934
9, 2, 430, 13998632
9, 2, 429, 13074021
9, 2, 433, 11146139
9, 2, 435, 13829944
9, 2, 427, 11237586
9, 2, 420, 10879509
9, 2, 432, 20227361
9, 2, 428, 15553748
9, 2, 434, 11717215
9, 2, 426, 11736413
9, 2, 416, 15810301
9, 2, 431, 15416302
9, 2, 432, 16785334
9, 2, 423, 14163360
9, 2, 437, 13220016
9, 2, 424, 11923476
9, 2, 435, 14780469
9, 2, 425, 12826134
9, 2, 428, 10821205
9, 3, 481, 75133740
9, 3, 478, 67297729
9, 3, 484, 63467796
9, 3, 473, 92223424
9, 3, 482, 65034936
9, 3, 486, 66241101
9, 3, 485, 68692588
9, 3, 481, 64984898
9, 3, 477, 64877029
9, 3, 478, 67957838
9, 3, 477, 84862279
9, 3, 481, 68333035
9, 3, 477, 75292181
9, 3, 481, 67499157
9, 3, 479, 77957114
9, 3, 481, 68892268
9, 3, 483, 66033031
9, 3, 482, 63395199
9, 3, 480, 65223431
9, 3, 483, 63377424
9, 3, 489, 56283903
9, 3, 487, 71585386
9, 3, 489, 48175082
9, 3, 481, 67671945
9, 3, 478, 71173415
9, 3, 484, 60209764
9, 3, 478, 82151431
9, 3, 487, 58781611
9, 3, 485, 58665857
9, 3, 476, 77562313
9, 3, 490, 52420156
9, 3, 480, 74067410
9, 3, 482, 68610405
9, 3, 488, 51055712
9, 3, 484, 66203527
9, 3, 484, 63725325
9, 3, 486, 58695821
9, 3, 476, 65861734
9, 3, 486, 59926673
9, 3, 483, 59108883
9, 3, 481, 63184375
9, 3, 482, 66006001
9, 3, 481, 67436597
9, 3, 478, 79175654
9, 3, 483, 75477393
9, 3, 480, 70385537
9, 3, 485, 56170655
9, 3, 479, 70554866
9, 3, 482, 65620905
9, 3, 484, 59046499
9, 3, 477, 71506461
9, 3, 473, 81964721
9, 3, 483, 59246575
9, 3, 477, 73444785
9, 3, 483, 69104248
9, 3, 480, 66809386
9, 3, 483, 65733684
9, 3, 481, 64311525
9, 3, 476, 74692337
9, 3, 468, 83078149
9, 3, 478, 77553566
9, 3, 485, 75571737
9, 3, 476, 70011039
9, 3, 479, 78454060
9, 3, 477, 83399239
9, 3, 476, 79089758
9, 3, 481, 71382268
9, 3, 483, 67111446
9, 3, 482, 72097271
9, 3, 486, 51441310
9, 3, 479, 69508157
9, 3, 484, 67354374
9, 3, 472, 73376063
9, 3, 481, 66915133
9, 3, 483, 57945920
9, 3, 481, 67148892
9, 3, 481, 62631965
9, 3, 486, 61660875
9, 3, 486, 65657420
9, 3, 487, 61863993
9, 3, 487, 58402138
9, 3, 482, 67868833
9, 3, 482, 66453063
9, 3, 482, 66612825
9, 3, 479, 77225120
9, 3, 483, 67621526
9, 3, 481, 65578967
9, 3, 480, 68491606
9, 3, 481, 66887575
9, 3, 478, 80082672
9, 3, 480, 69338607
9, 3, 484, 59967422
9, 3, 485, 59568484
9, 3, 490, 62689260
9, 3, 490, 56178220
9, 3, 481, 71764430
9, 3, 484, 61249320
9, 3, 480, 67752510
9, 3, 478, 71256142
9, 3, 479, 71184125
9, 4, 496, 59196392
9, 4, 499, 55036183
9, 4, 503, 52769140
9, 4, 503, 44142497
9, 4, 500, 64107415
9, 4, 501, 51414755
9, 4, 500, 52066210
9, 4, 500, 54405211
9, 4, 500, 56625218
9, 4, 501, 50760701
9, 4, 502, 49700041
9, 4, 498, 54841672
9, 4, 501, 50971121
9, 4, 504, 56526137
9, 4, 504, 47132063
9, 4, 496, 61612245
9, 4, 500, 51158809
9, 4, 502, 48532556
9, 4, 497, 61403562
9, 4, 503, 46702633
9, 4, 504, 49551900
9, 4, 502, 49342803
9, 4, 495, 64436033
9, 4, 498, 55156750
9, 4, 503, 52150099
9, 4, 501, 55749728
9, 4, 498, 66848396
9, 4, 503, 49408905
9, 4, 502, 50804467
9, 4, 499, 58331288
9, 4, 502, 52758398
9, 4, 502, 47803953
9, 4, 500, 52451587
9, 4, 502, 54185708
9, 4, 505, 43897630
9, 4, 500, 54412565
9, 4, 502, 50674852
9, 4, 503, 48864653
9, 4, 506, 38061041
9, 4, 500, 59135044
9, 4, 499, 58380871
9, 4, 501, 54726236
9, 4, 500, 63381983
9, 4, 503, 46352286
9, 4, 504, 45533203
9, 4, 501, 58307136
9, 4, 499, 57414567
9, 4, 503, 51769605
9, 4, 498, 62577160
9, 4, 499, 52667056
9, 4, 501, 54902955
9, 4, 503, 48214340
9, 4, 496, 65170723
9, 4, 503, 49257914
9, 4, 499, 65896246
9, 4, 499, 54311033
9, 4, 501, 54665041
9, 4, 499, 60596152
9, 4, 503, 47135487
9, 4, 503, 56675599
9, 4, 501, 54249542
9, 4, 499, 55601768
9, 4, 502, 45679945
9, 4, 500, 55629804
9, 4, 501, 50224267
9, 4, 497, 63911304
9, 4, 500, 58659106
9, 4, 501, 50871865
9, 4, 503, 49334911
9, 4, 501, 49541160
9, 4, 502, 52369795
9, 4, 501, 54657582
9, 4, 499, 57889154
9, 4, 496, 60797604
9, 4, 501, 51337528
9, 4, 501, 57647840
9, 4, 497, 57778564
9, 4, 498, 56008892
9, 4, 502, 49966561
9, 4, 498, 62754230
9, 4, 500, 52592810
9, 4, 497, 59707904
9, 4, 504, 45925520
9, 4, 503, 50796013
9, 4, 495, 62963314
9, 4, 502, 51950141
9, 4, 496, 63521995
9, 4, 505, 54097884
9, 4, 502, 57004442
9, 4, 504, 54766999
9, 4, 496, 62284212
9, 4, 502, 53112209
9, 4, 504, 50029556
9, 4, 499, 59406733
9, 4, 497, 63679223
9, 4, 495, 64963968
9, 4, 503, 48972808
9, 4, 500, 58388596
9, 4, 492, 78822844
9, 4, 498, 57952483
9, 5, 508, 56677022
9, 5, 505, 59621880
9, 5, 507, 57185397
9, 5, 505, 54521212
9, 5, 506, 55885914
9, 5, 507, 54687986
9, 5, 502, 58234210
9, 5, 508, 49596775
9, 5, 508, 56102132
9, 5, 506, 55088276
9, 5, 509, 53953595
9, 5, 509, 53563592
9, 5, 506, 54324761
9, 5, 508, 52655936
9, 5, 509, 43932095
9, 5, 505, 60928160
9, 5, 508, 53360303
9, 5, 510, 47798447
9, 5, 508, 46754992
9, 5, 507, 52766118
9, 5, 507, 49603724
9, 5, 507, 54370162
9, 5, 507, 52825231
9, 5, 508, 52485650
9, 5, 507, 51313765
9, 5, 506, 57672279
9, 5, 504, 57543038
9, 5, 509, 46864201
9, 5, 510, 48509535
9, 5, 507, 55556956
9, 5, 508, 47460081
9, 5, 509, 50564527
9, 5, 511, 44714234
9, 5, 506, 55541666
9, 5, 507, 53473871
9, 5, 506, 58128999
9, 5, 510, 47003392
9, 5, 509, 53372852
9, 5, 510, 43981334
9, 5, 505, 54984224
9, 5, 506, 53389524
9, 5, 509, 54322357
9, 5, 507, 52003967
9, 5, 509, 46833466
9, 5, 507, 50175282
9, 5, 503, 59758651
9, 5, 506, 54402085
9, 5, 507, 53966826
9, 5, 504, 58844453
9, 5, 507, 54823845
9, 5, 510, 42493699
9, 5, 508, 49722723
9, 5, 506, 51808046
9, 5, 507, 60959341
9, 5, 505, 54302135
9, 5, 507, 47852727
9, 5, 509, 49958294
9, 5, 507, 55844963
9, 5, 508, 47778886
9, 5, 509, 48222310
9, 5, 506, 54359024
9, 5, 508, 49995838
9, 5, 506, 66921719
9, 5, 506, 53129277
9, 5, 508, 52488718
9, 5, 506, 57032447
9, 5, 507, 52002207
9, 5, 505, 55426189
9, 5, 507, 55270207
9, 5, 509, 46445452
9, 5, 506, 56658303
9, 5, 505, 53496506
9, 5, 509, 48568194
9, 5, 507, 52766457
9, 5, 504, 60507087
9, 5, 508, 57460534
9, 5, 505, 58098997
9, 5, 510, 45746481
9, 5, 507, 49864579
9, 5, 508, 51467648
9, 5, 507, 60506540
9, 5, 505, 57204523
9, 5, 506, 53197289
9, 5, 503, 60588212
9, 5, 511, 45073517
9, 5, 501, 63525721
9, 5, 509, 49758104
9, 5, 507, 45992654
9, 5, 508, 55041868
9, 5, 507, 50199560
9, 5, 510, 45186374
9, 5, 509, 49315137
9, 5, 508, 49712781
9, 5, 508, 46472690
9, 5, 506, 53816311
9, 5, 508, 47127792
9, 5, 509, 47261775
9, 5, 506, 53241747
9, 5, 506, 60435932
9, 5, 506, 60520799
9, 6, 509, 56419060
9, 6, 509, 59491110
9, 6, 511, 54901697
9, 6, 509, 56706523
9, 6, 510, 57584321
9, 6, 509, 58299006
9, 6, 509, 60102172
9, 6, 511, 57260599
9, 6, 511, 57845702
9, 6, 509, 67075023
9, 6, 510, 53557678
9, 6, 510, 55798348
9, 6, 510, 61795173
9, 6, 511, 61101232
9, 6, 509, 56639302
9, 6, 510, 68856203
9, 6, 508, 71415930
9, 6, 510, 60360447
9, 6, 508, 65601566
9, 6, 511, 62370047
9, 6, 509, 62128937
9, 6, 509, 66039185
9, 6, 510, 58719650
9, 6, 511, 63422320
9, 6, 510, 62282702
9, 6, 510, 62119452
9, 6, 511, 54893959
9, 6, 509, 60238656
9, 6, 509, 71107882
9, 6, 510, 62787303
9, 6, 509, 70196569
9, 6, 511, 57603430
9, 6, 510, 58854026
9, 6, 510, 58342475
9, 6, 511, 55053855
9, 6, 509, 64549995
9, 6, 510, 55629926
9, 6, 510, 60550315
9, 6, 510, 60839666
9, 6, 511, 58529642
9, 6, 511, 58308180
9, 6, 510, 60428134
9, 6, 511, 54490431
9, 6, 511, 50272464
9, 6, 510, 59750038
9, 6, 511, 51262085
9, 6, 510, 59437366
9, 6, 509, 59214396
9, 6, 510, 60946645
9, 6, 510, 63441082
9, 6, 509, 59113632
9, 6, 511, 54543367
9, 6, 511, 56759213
9, 6, 510, 54562249
9, 6, 509, 63771327
9, 6, 511, 61377108
9, 6, 511, 54230177
9, 6, 509, 61151429
9, 6, 509, 55144150
9, 6, 510, 57314865
9, 6, 508, 56999831
9, 6, 508, 63254047
9, 6, 511, 59540741
9, 6, 511, 53274876
9, 6, 511, 53961880
9, 6, 508, 56374579
9, 6, 510, 72895302
9, 6, 509, 79548936
9, 6, 510, 58942556
9, 6, 510, 54514607
9, 6, 510, 58261731
9, 6, 508, 65440813
9, 6, 509, 58209829
9, 6, 509, 62932072
9, 6, 510, 55380994
9, 6, 510, 56510645
9, 6, 511, 56793527
9, 6, 509, 54206328
9, 6, 511, 59973473
9, 6, 511, 48478802
9, 6, 511, 58316517
9, 6, 510, 53999094
9, 6, 511, 57038293
9, 6, 510, 55837887
9, 6, 511, 51216782
9, 6, 509, 63511885
9, 6, 511, 55722877
9, 6, 510, 56342791
9, 6, 510, 55877165
9, 6, 510, 58205843
9, 6, 509, 56540809
9, 6, 510, 57591205
9, 6, 509, 66753347
9, 6, 511, 58024794
9, 6, 506, 76715398
9, 6, 511, 59766320
9, 6, 510, 59350967
9, 6, 511, 58436125
9, 6, 510, 62538009
9, 6, 510, 57796439
9, 7, 511, 66756838
9, 7, 511, 65222044
9, 7, 510, 71708335
9, 7, 510, 67378559
9, 7, 510, 70327564
9, 7, 510, 67940998
9, 7, 510, 96565199
9, 7, 511, 73667623
9, 7, 511, 84101169
9, 7, 510, 76158238
9, 7, 510, 80172360
9, 7, 511, 85589330
9, 7, 511, 67463153
9, 7, 511, 74457103
9, 7, 511, 67306000
9, 7, 510, 76014643
9, 7, 511, 82962207
9, 7, 511, 76832104
9, 7, 510, 81112126
9, 7, 510, 77018477
9, 7, 511, 72069042
9, 7, 511, 84971473
9, 7, 511, 76208704
9, 7, 510, 83041263
9, 7, 509, 93529208
9, 7, 509, 86113504
9, 7, 511, 72299877
9, 7, 510, 78572664
9, 7, 511, 66997310
9, 7, 510, 82539926
9, 7, 511, 92276051
9, 7, 510, 86443241
9, 7, 510, 80701475
9, 7, 509, 93065771
9, 7, 511, 88750770
9, 7, 510, 78113566
9, 7, 510, 77201623
9, 7, 511, 66888173
9, 7, 511, 64518239
9, 7, 511, 71392716
9, 7, 510, 80233049
9, 7, 509, 100015811
9, 7, 511, 87631520
9, 7, 510, 94060758
9, 7, 509, 106164182
9, 7, 511, 82210749
9, 7, 511, 78021026
9, 7, 511, 104428604
9, 7, 510, 95326753
9, 7, 511, 93422499
9, 7, 511, 79539160
9, 7, 511, 76611153
9, 7, 511, 73788129
9, 7, 510, 74854394
9, 7, 511, 64458265
9, 7, 511, 70908628
9, 7, 510, 68944416
9, 7, 511, 65692255
9, 7, 510, 65395615
9, 7, 511, 67638490
9, 7, 510, 69752779
9, 7, 510, 73114304
9, 7, 510, 74121829
9, 7, 510, 72140043
9, 7, 511, 69505923
9, 7, 510, 76803878
9, 7, 511, 79386516
9, 7, 510, 98964476
9, 7, 511, 85572609
9, 7, 510, 81072745
9, 7, 511, 74914237
9, 7, 511, 73249774
9, 7, 511, 73456626
9, 7, 510, 68622757
9, 7, 511, 73566251
9, 7, 510, 72898151
9, 7, 509, 75448107
9, 7, 510, 71744167
9, 7, 510, 75104615
9, 7, 509, 73226754
9, 7, 510, 73999701
9, 7, 511, 77183134
9, 7, 511, 68909250
9, 7, 510, 69154569
9, 7, 510, 74754066
9, 7, 511, 66396465
9, 7, 511, 66602741
9, 7, 509, 74092776
9, 7, 511, 71084067
9, 7, 511, 79536985
9, 7, 511, 83027139
9, 7, 509, 69055129
9, 7, 511, 70448037
9, 7, 511, 75628073
9, 7, 511, 74384892
9, 7, 511, 70811073
9, 7, 510, 66598744
9, 7, 511, 66369945
9, 7, 511, 61776911
9, 7, 511, 66887731
9, 8, 510, 83001689
9, 8, 510, 80553083
9, 8, 511, 73953207
9, 8, 511, 89005288
9, 8, 510, 91032761
9, 8, 511, 91164162
9, 8, 510, 85821387
9, 8, 511, 94904368
9, 8, 511, 88011883
9, 8, 511, 86395381
9, 8, 510, 83842701
9, 8, 511, 83586774
9, 8, 511, 86035239
9, 8, 511, 85635423
9, 8, 511, 78386601
9, 8, 511, 83301167
9, 8, 511, 78672506
9, 8, 511, 78884166
9, 8, 511, 80295755
9, 8, 511, 87352569
9, 8, 511, 78008661
9, 8, 511, 80240050
9, 8, 511, 82839171
9, 8, 510, 78528501
9, 8, 511, 84896610
9, 8, 511, 77157992
9, 8, 511, 76258068
9, 8, 511, 82587100
9, 8, 511, 78434404
9, 8, 511, 85177812
9, 8, 511, 76351557
9, 8, 511, 81449168
9, 8, 511, 85533925
9, 8, 511, 75490725
9, 8, 511, 75555571
9, 8, 511, 80275557
9, 8, 511, 76338434
9, 8, 511, 76836084
9, 8, 511, 82548511
9, 8, 511, 82054033
9, 8, 511, 80279414
9, 8, 511, 78691446
9, 8, 511, 77848694
9, 8, 511, 79479341
9, 8, 510, 97550664
9, 8, 511, 93279258
9, 8, 510, 99985808
9, 8, 511, 93001614
9, 8, 511, 102589413
9, 8, 511, 105416460
9, 8, 511, 82117714
9, 8, 511, 79241330
9, 8, 511, 79656903
9, 8, 511, 73932966
9, 8, 511, 77257832
9, 8, 511, 81984586
9, 8, 511, 82045451
9, 8, 511, 79953307
9, 8, 511, 80424703
9, 8, 511, 75696669
9, 8, 511, 78586683
9, 8, 511, 81032349
9, 8, 511, 75186204
9, 8, 511, 80315197
9, 8, 511, 78539187
9, 8, 511, 77953425
9, 8, 511, 80622732
9, 8, 511, 78328909
9, 8, 511, 81690223
9, 8, 511, 87213123
9, 8, 511, 78688047
9, 8, 509, 86004481
9, 8, 511, 87385662
9, 8, 511, 86925215
9, 8, 511, 89710841
9, 8, 511, 82564385
9, 8, 510, 83148316
9, 8, 511, 99881097
9, 8, 511, 89114937
9, 8, 511, 93289107
9, 8, 511, 82864752
9, 8, 511, 100215997
9, 8, 511, 78497647
9, 8, 511, 86414032
9, 8, 511, 104118165
9, 8, 511, 89431959
9, 8, 511, 87051095
9, 8, 511, 86519834
9, 8, 511, 88170058
9, 8, 511, 97992784
9, 8, 511, 105262913
9, 8, 511, 102625930
9, 8, 511, 89397313
9, 8, 511, 91276658
9, 8, 511, 105065677
9, 8, 511, 95802014
9, 8, 511, 106208623
9, 8, 510, 89744314
9, 8, 511, 97389558
9, 8, 510, 91705333
9, 9, 511, 96466011
9, 9, 511, 97931547
9, 9, 511, 99961146
9, 9, 511, 105961794
9, 9, 511, 109164049
9, 9, 511, 92403126
9, 9, 511, 98963897
9, 9, 510, 95011461
9, 9, 511, 89725220
9, 9, 511, 89287049
9, 9, 511, 107250061
9, 9, 511, 115113753
9, 9, 511, 116808376
9, 9, 510, 109991612
9, 9, 511, 121427036
9, 9, 511, 142673438
9, 9, 511, 110385683
9, 9, 511, 97565223
9, 9, 511, 99513047
9, 9, 511, 93908269
9, 9, 511, 100030896
9, 9, 511, 93165788
9, 9, 511, 92072462
9, 9, 511, 94709368
9, 9, 511, 91024806
9, 9, 511, 93813807
9, 9, 511, 94603147
9, 9, 511, 96212017
9, 9, 511, 90212700
9, 9, 511, 92562009
9, 9, 511, 85878729
9, 9, 511, 95049191
9, 9, 511, 90530037
9, 9, 511, 88763805
9, 9, 511, 91939622
9, 9, 511, 93238260
9, 9, 511, 91524689
9, 9, 511, 95628236
9, 9, 510, 95965619
9, 9, 511, 91167756
9, 9, 511, 98545277
9, 9, 511, 121476299
9, 9, 511, 101805353
9, 9, 511, 92971164
9, 9, 511, 88265979
9, 9, 511, 88341726
9, 9, 510, 99150339
9, 9, 511, 89664654
9, 9, 511, 98126418
9, 9, 511, 88915693
9, 9, 511, 93009826
9, 9, 511, 94262526
9, 9, 511, 90676715
9, 9, 511, 101410950
9, 9, 511, 98359559
9, 9, 511, 93183063
9, 9, 511, 94937142
9, 9, 511, 93455850
9, 9, 511, 93888251
9, 9, 510, 110798280
9, 9, 511, 107557145
9, 9, 511, 139283710
9, 9, 511, 98911640
9, 9, 510, 101363793
9, 9, 511, 91933652
9, 9, 511, 98476033
9, 9, 510, 93159004
9, 9, 511, 95253914
9, 9, 511, 93625781
9, 9, 510, 92720867
9, 9, 511, 91142544
9, 9, 511, 96455321
9, 9, 511, 98238558
9, 9, 510, 102049526
9, 9, 511, 99671546
9, 9, 511, 96888241
9, 9, 511, 108901388
9, 9, 511, 112694955
9, 9, 511, 133272853
9, 9, 511, 118142975
9, 9, 511, 110277135
9, 9, 511, 118075464
9, 9, 511, 113500438
9, 9, 511, 108030105
9, 9, 511, 101287142
9, 9, 511, 108846119
9, 9, 511, 104319456
9, 9, 511, 88431317
9, 9, 511, 90689463
9, 9, 511, 98808283
9, 9, 511, 105841355
9, 9, 511, 115824810
9, 9, 511, 109843531
9, 9, 511, 116177243
9, 9, 511, 97999470
9, 9, 511, 93577541
9, 9, 511, 90970808
9, 9, 511, 96661175
9, 9, 511, 94915361
9, 9, 511, 94105373
10, 1, 647, 7133853
10, 1, 651, 12411566
10, 1, 642, 8227886
10, 1, 646, 7414113
10, 1, 653, 9808848
10, 1, 632, 9206664
10, 1, 631, 8134814
10, 1, 635, 6982367
10, 1, 637, 8663378
10, 1, 652, 7456570
10, 1, 647, 9974061
10, 1, 647, 7087571
10, 1, 651, 8053024
10, 1, 651, 9724400
10, 1, 636, 8836530
10, 1, 659, 7802713
10, 1, 640, 9134903
10, 1, 640, 8054775
10, 1, 653, 10437651
10, 1, 646, 10740229
10, 1, 648, 18881203
10, 1, 650, 10843413
10, 1, 640, 9976797
10, 1, 643, 9008661
10, 1, 637, 8351672
10, 1, 647, 7363666
10, 1, 655, 7258827
10, 1, 646, 7421764
10, 1, 649, 7634579
10, 1, 632, 7876458
10, 1, 628, 9992526
10, 1, 648, 8630226
10, 1, 660, 9701755
10, 1, 643, 10864806
10, 1, 651, 17004031
10, 1, 645, 9853254
10, 1, 655, 7746931
10, 1, 644, 7698058
10, 1, 640, 8047065
10, 1, 643, 8750831
10, 1, 650, 9395079
10, 1, 666, 8000956
10, 1, 652, 7357973
10, 1, 653, 7328979
10, 1, 653, 8086240
10, 1, 654, 8202846
10, 1, 649, 7475475
10, 1, 645, 7981465
10, 1, 653, 7476557
10, 1, 646, 7788627
10, 1, 636, 9185033
10, 1, 629, 8043141
10, 1, 655, 8605053
10, 1, 637, 11163914
10, 1, 653, 9974779
10, 1, 656, 10440603
10, 1, 648, 8707573
10, 1, 648, 8665528
10, 1, 640, 7994199
10, 1, 652, 11155631
10, 1, 624, 10401545
10, 1, 640, 11185057
10, 1, 646, 10852547
10, 1, 631, 11139088
10, 1, 664, 8945439
10, 1, 664, 7277481
10, 1, 655, 7415793
10, 1, 651, 9579644
10, 1, 651, 10487496
10, 1, 652, 10070222
10, 1, 649, 10032802
10, 1, 647, 10225707
10, 1, 673, 10137559
10, 1, 636, 9576308
10, 1, 651, 7765943
10, 1, 630, 10644493
10, 1, 652, 7491374
10, 1, 642, 7580097
10, 1, 635, 7483291
10, 1, 658, 7443019
10, 1, 624, 8543914
10, 1, 644, 7627457
10, 1, 647, 7985305
10, 1, 658, 8832879
10, 1, 643, 7360109
10, 1, 659, 7095093
10, 1, 651, 7679067
10, 1, 644, 9669362
10, 1, 635, 10206395
10, 1, 658, 9397895
10, 1, 636, 8087209
10, 1, 642, 8520589
10, 1, 657, 9079267
10, 1, 657, 8193285
10, 1, 646, 9415064
10, 1, 655, 7266401
10, 1, 652, 7402754
10, 1, 620, 9402173
10, 1, 645, 7627011
10, 1, 630, 7772854
10, 2, 850, 78277758
10, 2, 845, 82081912
10, 2, 846, 55982180
10, 2, 848, 80768517
10, 2, 851, 71319912
10, 2, 873, 93435010
10, 2, 855, 85470685
10, 2, 863, 71590040
10, 2, 850, 65926131
10, 2, 866, 66220107
10, 2, 859, 59376550
10, 2, 867, 56380626
10, 2, 864, 57908521
10, 2, 862, 68605449
10, 2, 856, 49403956
10, 2, 841, 67652447
10, 2, 859, 60275143
10, 2, 860, 55968610
10, 2, 856, 69452143
10, 2, 863, 84367814
10, 2, 839, 84988551
10, 2, 873, 70397603
10, 2, 850, 60922264
10, 2, 870, 51585250
10, 2, 852, 78648101
10, 2, 853, 55245351
10, 2, 862, 94705707
10, 2, 870, 60613827
10, 2, 870, 108631078
10, 2, 872, 108676896
10, 2, 876, 54261532
10, 2, 860, 65904836
10, 2, 866, 64462062
10, 2, 855, 53042364
10, 2, 864, 69682070
10, 2, 852, 79603994
10, 2, 865, 65159159
10, 2, 852, 72004803
10, 2, 858, 48933818
10, 2, 863, 63616638
10, 2, 858, 73831964
10, 2, 852, 64444452
10, 2, 854, 67064864
10, 2, 866, 66974666
10, 2, 864, 63623159
10, 2, 862, 58894086
10, 2, 879, 74866011
10, 2, 848, 77622821
10, 2, 864, 65568997
10, 2, 859, 53076630
10, 2, 851, 79351122
10, 2, 858, 85504377
10, 2, 858, 69394055
10, 2, 861, 66078194
10, 2, 848, 65845888
10, 2, 836, 69372622
10, 2, 877, 64359791
10, 2, 870, 61367722
10, 2, 852, 68195665
10, 2, 869, 69692713
10, 2, 854, 78094757
10, 2, 846, 73103125
10, 2, 864, 74865798
10, 2, 839, 76169146
10, 2, 860, 49736816
10, 2, 859, 71676321
10, 2, 857, 66163272
10, 2, 846, 68204710
10, 2, 840, 88811726
10, 2, 866, 73602815
10, 2, 849, 71613518
10, 2, 851, 68132222
10, 2, 865, 68043851
10, 2, 861, 70319417
10, 2, 850, 64292820
10, 2, 858, 69708422
10, 2, 865, 65692948
10, 2, 868, 68738294
10, 2, 870, 57509209
10, 2, 852, 63717721
10, 2, 856, 61900526
10, 2, 840, 69888959
10, 2, 872, 70203102
10, 2, 854, 71920423
10, 2, 862, 53761307
10, 2, 875, 66011979
10, 2, 858, 60371749
10, 2, 853, 85357561
10, 2, 863, 48364155
10, 2, 855, 58321390
10, 2, 860, 63354808
10, 2, 859, 74859735
10, 2, 840, 70796030
10, 2, 852, 73770377
10, 2, 850, 84578453
10, 2, 875, 53828055
10, 2, 850, 89534516
10, 2, 858, 80755438
10, 2, 862, 65671376
10, 2, 856, 70760045
10, 3, 959, 522214729
10, 3, 967, 532052605
10, 3, 958, 528154820
10, 3, 951, 586938535
10, 3, 953, 697284212
10, 3, 955, 673563828
10, 3, 964, 479708681
10, 3, 962, 500167465
10, 3, 963, 473183233
10, 3, 962, 480462996
10, 3, 958, 491346721
10, 3, 952, 530625122
10, 3, 962, 501430455
10, 3, 957, 503629904
10, 3, 962, 534422823
10, 3, 967, 467588135
10, 3, 969, 481812834
10, 3, 967, 445274549
10, 3, 958, 525814300
10, 3, 977, 414554576
10, 3, 964, 472746462
10, 3, 959, 471354248
10, 3, 957, 551403354
10, 3, 953, 547236584
10, 3, 957, 524427790
10, 3, 963, 485830984
10, 3, 962, 499595277
10, 3, 959, 477819588
10, 3, 966, 456274211
10, 3, 964, 494969007
10, 3, 971, 471147877
10, 3, 963, 489618614
10, 3, 956, 550792940
10, 3, 968, 487474526
10, 3, 956, 553434727
10, 3, 967, 456152255
10, 3, 967, 448039978
10, 3, 972, 483995118
10, 3, 967, 466495646
10, 3, 961, 486642389
10, 3, 959, 494615113
10, 3, 964, 499506344
10, 3, 961, 548577427
10, 3, 953, 522658648
10, 3, 963, 480896239
10, 3, 960, 476399373
10, 3, 958, 480795516
10, 3, 966, 458288603
10, 3, 970, 468516761
10, 3, 953, 518248132
10, 3, 968, 479485852
10, 3, 965, 497265862
10, 3, 966, 464749764
10, 3, 965, 437944722
10, 3, 965, 474033878
10, 3, 961, 536502895
10, 3, 970, 487511379
10, 3, 949, 608069023
10, 3, 963, 467464327
10, 3, 966, 490781752
10, 3, 963, 544490531
10, 3, 950, 537963441
10, 3, 963, 574580026
10, 3, 963, 475344421
10, 3, 955, 564578960
10, 3, 976, 486217680
10, 3, 955, 556876986
10, 3, 965, 497683845
10, 3, 964, 526297623
10, 3, 958, 554434683
10, 3, 967, 491854762
10, 3, 959, 492560973
10, 3, 950, 561328810
10, 3, 972, 456569339
10, 3, 965, 505034769
10, 3, 961, 502607893
10, 3, 963, 451503395
10, 3, 957, 518144627
10, 3, 953, 566913278
10, 3, 951, 549744935
10, 3, 966, 471572489
10, 3, 969, 468196569
10, 3, 965, 513452294
10, 3, 958, 533210215
10, 3, 955, 527055012
10, 3, 970, 499332371
10, 3, 957, 522284943
10, 3, 965, 506594000
10, 3, 954, 559311201
10, 3, 944, 591119493
10, 3, 963, 490018492
10, 3, 973, 496321885
10, 3, 969, 459420636
10, 3, 969, 472703624
10, 3, 964, 476260874
10, 3, 962, 486689469
10, 3, 967, 477047431
10, 3, 967, 437154885
10, 3, 961, 541759653
10, 3, 962, 510742116
10, 4, 1000, 423656522
10, 4, 1008, 349808311
10, 4, 1002, 371045965
10, 4, 1002, 364090485
10, 4, 999, 382476854
10, 4, 1006, 352025207
10, 4, 1001, 357351098
10, 4, 1007, 348988871
10, 4, 994, 443615225
10, 4, 1002, 342324854
10, 4, 999, 395528423
10, 4, 998, 404226215
10, 4, 1005, 351622224
10, 4, 1004, 351231580
10, 4, 1004, 351127043
10, 4, 998, 399263487
10, 4, 1002, 376857085
10, 4, 1002, 362015587
10, 4, 1007, 355721393
10, 4, 1000, 385557561
10, 4, 996, 462082708
10, 4, 1000, 382033983
10, 4, 1002, 378474758
10, 4, 1009, 313675790
10, 4, 1010, 374364295
10, 4, 1006, 351864493
10, 4, 1005, 343835765
10, 4, 998, 380917591
10, 4, 1000, 430549008
10, 4, 1004, 388458886
10, 4, 1003, 362500915
10, 4, 1000, 372762469
10, 4, 1003, 364044527
10, 4, 1008, 334220973
10, 4, 1010, 278163083
10, 4, 1001, 360833278
10, 4, 1000, 380439609
10, 4, 1006, 337631680
10, 4, 1009, 305613392
10, 4, 1010, 326397572
10, 4, 1003, 355046226
10, 4, 1002, 360593434
10, 4, 1000, 362400074
10, 4, 1003, 344231026
10, 4, 1003, 355869621
10, 4, 1004, 355039178
10, 4, 995, 414383103
10, 4, 1001, 360345924
10, 4, 998, 405655591
10, 4, 999, 381145473
10, 4, 997, 398207755
10, 4, 996, 405365805
10, 4, 995, 445386383
10, 4, 1007, 336841426
10, 4, 1005, 344621968
10, 4, 1002, 347425491
10, 4, 1001, 381827151
10, 4, 992, 436322996
10, 4, 994, 416677885
10, 4, 999, 397830143
10, 4, 991, 438303297
10, 4, 1006, 364891052
10, 4, 995, 419119589
10, 4, 994, 436163541
10, 4, 1002, 371639048
10, 4, 1009, 335154851
10, 4, 1001, 372414364
10, 4, 1005, 347192769
10, 4, 1003, 372101811
10, 4, 998, 402602886
10, 4, 995, 457741584
10, 4, 1005, 335303102
10, 4, 1001, 350366871
10, 4, 994, 389878429
10, 4, 1000, 364437967
10, 4, 1004, 329562587
10, 4, 992, 453347968
10, 4, 1000, 382127791
10, 4, 1002, 357863077
10, 4, 1008, 317210601
10, 4, 998, 388152950
10, 4, 1002, 373883185
10, 4, 999, 448551115
10, 4, 1004, 344312962
10, 4, 1007, 370372973
10, 4, 1004, 385710428
10, 4, 1002, 364566101
10, 4, 1002, 371073980
10, 4, 1007, 297081450
10, 4, 997, 390094479
10, 4, 999, 391632657
10, 4, 996, 428651723
10, 4, 1001, 436204982
10, 4, 1000, 388995104
10, 4, 999, 420673020
10, 4, 1000, 405065079
10, 4, 1001, 385759259
10, 4, 996, 426213647
10, 4, 1003, 374549751
10, 4, 1001, 383846362
10, 5, 1020, 299684584
10, 5, 1018, 316609888
10, 5, 1016, 331569530
10, 5, 1013, 355442338
10, 5, 1014, 346990292
10, 5, 1015, 339934385
10, 5, 1018, 320245424
10, 5, 1017, 318325751
10, 5, 1013, 354433105
10, 5, 1016, 322138961
10, 5, 1013, 354682409
10, 5, 1011, 373533248
10, 5, 1017, 336207430
10, 5, 1013, 353018531
10, 5, 1010, 392355179
10, 5, 1019, 303249901
10, 5, 1016, 320630774
10, 5, 1018, 328864012
10, 5, 1020, 281546910
10, 5, 1015, 356862095
10, 5, 1019, 298472906
10, 5, 1018, 307136404
10, 5, 1016, 324301619
10, 5, 1014, 349226402
10, 5, 1016, 329379735
10, 5, 1015, 343242313
10, 5, 1015, 342810719
10, 5, 1013, 349457684
10, 5, 1020, 292206579
10, 5, 1016, 355634733
10, 5, 1010, 393965372
10, 5, 1016, 335107106
10, 5, 1015, 353896200
10, 5, 1012, 368886444
10, 5, 1017, 323596471
10, 5, 1016, 343293748
10, 5, 1014, 343332756
10, 5, 1012, 362381846
10, 5, 1013, 355468271
10, 5, 1015, 384858030
10, 5, 1016, 339335333
10, 5, 1015, 339404808
10, 5, 1012, 362847974
10, 5, 1015, 381795420
10, 5, 1015, 360693215
10, 5, 1019, 340006674
10, 5, 1014, 364186612
10, 5, 1018, 343189728
10, 5, 1015, 356172944
10, 5, 1022, 314602702
10, 5, 1018, 323170456
10, 5, 1019, 338008837
10, 5, 1014, 395711830
10, 5, 1015, 371296070
10, 5, 1018, 316237144
10, 5, 1015, 331713137
10, 5, 1012, 391266746
10, 5, 1014, 344156661
10, 5, 1019, 305528110
10, 5, 1013, 332211830
10, 5, 1015, 357721266
10, 5, 1020, 304895145
10, 5, 1019, 298124438
10, 5, 1014, 375680472
10, 5, 1016, 345710279
10, 5, 1011, 387777419
10, 5, 1015, 342083188
10, 5, 1016, 363899446
10, 5, 1017, 354726800
10, 5, 1015, 334083769
10, 5, 1017, 323600264
10, 5, 1012, 369617764
10, 5, 1013, 375053767
10, 5, 1020, 302013567
10, 5, 1014, 349819118
10, 5, 1012, 379538485
10, 5, 1016, 336920006
10, 5, 1017, 337821026
10, 5, 1014, 341939517
10, 5, 1018, 322470213
10, 5, 1018, 310220839
10, 5, 1011, 365253512
10, 5, 1019, 294705736
10, 5, 1014, 326980360
10, 5, 1011, 383688957
10, 5, 1013, 376444461
10, 5, 1018, 305288460
10, 5, 1019, 344951252
10, 5, 1010, 380894507
10, 5, 1009, 377048621
10, 5, 1018, 320740431
10, 5, 1011, 372557326
10, 5, 1011, 390148548
10, 5, 1015, 343904943
10, 5, 1019, 324696588
10, 5, 1013, 354707286
10, 5, 1013, 373143897
10, 5, 1014, 379163024
10, 5, 1020, 292635238
10, 5, 1014, 348962746
10, 6, 1017, 404011240
10, 6, 1022, 356687074
10, 6, 1021, 364055863
10, 6, 1020, 360256450
10, 6, 1018, 394565165
10, 6, 1022, 352325592
10, 6, 1022, 350732675
10, 6, 1020, 365750829
10, 6, 1021, 364330060
10, 6, 1019, 364116764
10, 6, 1015, 421755322
10, 6, 1020, 369895928
10, 6, 1023, 350346633
10, 6, 1020, 360049231
10, 6, 1020, 367259129
10, 6, 1021, 360453823
10, 6, 1022, 337229901
10, 6, 1020, 384677918
10, 6, 1020, 360337181
10, 6, 1019, 377568276
10, 6, 1022, 340259592
10, 6, 1020, 372965436
10, 6, 1019, 369501103
10, 6, 1019, 374080134
10, 6, 1020, 378807442
10, 6, 1021, 373546349
10, 6, 1018, 383611089
10, 6, 1021, 366690921
10, 6, 1022, 353546342
10, 6, 1022, 369453248
10, 6, 1021, 369998200
10, 6, 1021, 346880598
10, 6, 1022, 369925245
10, 6, 1020, 374921123
10, 6, 1020, 377148364
10, 6, 1017, 399341740
10, 6, 1016, 409629595
10, 6, 1020, 391943929
10, 6, 1021, 378330286
10, 6, 1020, 381747229
10, 6, 1020, 388874705
10, 6, 1022, 353380168
10, 6, 1020, 364278526
10, 6, 1022, 360630878
10, 6, 1016, 422788965
10, 6, 1020, 390834369
10, 6, 1023, 359500970
10, 6, 1019, 384443265
10, 6, 1020, 369028537
10, 6, 1020, 377563319
10, 6, 1017, 409036670
10, 6, 1020, 351029411
10, 6, 1020, 353332512
10, 6, 1022, 369511971
10, 6, 1023, 353803201
10, 6, 1020, 367382681
10, 6, 1021, 373494235
10, 6, 1022, 366830895
10, 6, 1020, 365860962
10, 6, 1021, 362778472
10, 6, 1022, 360836975
10, 6, 1019, 392221729
10, 6, 1021, 345472168
10, 6, 1020, 369424822
10, 6, 1020, 385383102
10, 6, 1021, 370209433
10, 6, 1018, 400190524
10, 6, 1022, 342891992
10, 6, 1022, 382365332
10, 6, 1021, 353956281
10, 6, 1018, 403281832
10, 6, 1019, 376758154
10, 6, 1020, 373790801
10, 6, 1023, 360593058
10, 6, 1021, 352117305
10, 6, 1021, 367751113
10, 6, 1021, 367525251
10, 6, 1021, 391309126
10, 6, 1020, 383943577
10, 6, 1020, 371934080
10, 6, 1020, 362706390
10, 6, 1021, 354632334
10, 6, 1022, 382087809
10, 6, 1022, 341243409
10, 6, 1018, 384869713
10, 6, 1021, 370619165
10, 6, 1020, 381229379
10, 6, 1022, 361238581
10, 6, 1019, 393637912
10, 6, 1019, 382189592
10, 6, 1022, 338749693
10, 6, 1019, 379337392
10, 6, 1021, 366842261
10, 6, 1018, 387578528
10, 6, 1022, 353493922
10, 6, 1020, 385468261
10, 6, 1021, 369371624
10, 6, 1022, 347411778
10, 6, 1020, 365701265
10, 6, 1021, 424622160
10, 7, 1021, 457208655
10, 7, 1021, 440676405
10, 7, 1023, 422905012
10, 7, 1022, 457109962
10, 7, 1022, 424804698
10, 7, 1022, 442440777
10, 7, 1023, 404118720
10, 7, 1021, 454075420
10, 7, 1023, 432886039
10, 7, 1023, 419193005
10, 7, 1021, 448721068
10, 7, 1023, 436494550
10, 7, 1022, 420729912
10, 7, 1022, 438193321
10, 7, 1022, 443637892
10, 7, 1022, 451968413
10, 7, 1023, 433249642
10, 7, 1020, 467050043
10, 7, 1022, 439734667
10, 7, 1022, 439346072
10, 7, 1022, 444808724
10, 7, 1023, 431989277
10, 7, 1023, 408662766
10, 7, 1020, 449029804
10, 7, 1023, 431015074
10, 7, 1022, 434606076
10, 7, 1021, 456578934
10, 7, 1022, 432236556
10, 7, 1021, 467748237
10, 7, 1022, 433125366
10, 7, 1023, 424116443
10, 7, 1023, 438302565
10, 7, 1023, 416363107
10, 7, 1020, 462413781
10, 7, 1022, 492785498
10, 7, 1023, 493815279
10, 7, 1023, 476002507
10, 7, 1023, 442011424
10, 7, 1023, 468734797
10, 7, 1022, 472023147
10, 7, 1023, 422883372
10, 7, 1023, 443466331
10, 7, 1023, 433930487
10, 7, 1022, 517249191
10, 7, 1022, 466710953
10, 7, 1022, 433785412
10, 7, 1023, 415647655
10, 7, 1022, 437964257
10, 7, 1021, 421405426
10, 7, 1023, 445780575
10, 7, 1021, 451349552
10, 7, 1023, 506323766
10, 7, 1021, 539654883
10, 7, 1021, 499546093
10, 7, 1020, 537840120
10, 7, 1022, 502086224
10, 7, 1022, 528958988
10, 7, 1021, 555962381
10, 7, 1022, 514204545
10, 7, 1022, 507277172
10, 7, 1022, 520489682
10, 7, 1021, 542259602
10, 7, 1022, 485828650
10, 7, 1022, 513016770
10, 7, 1023, 464880158
10, 7, 1023, 479895442
10, 7, 1023, 480863932
10, 7, 1022, 497832481
10, 7, 1023, 469176160
10, 7, 1023, 466191161
10, 7, 1022, 470015676
10, 7, 1022, 496590590
10, 7, 1023, 477361146
10, 7, 1021, 504865607
10, 7, 1023, 448780222
10, 7, 1021, 529478531
10, 7, 1021, 484614286
10, 7, 1023, 431223613
10, 7, 1023, 449990147
10, 7, 1022, 458227563
10, 7, 1022, 446928818
10, 7, 1021, 469320483
10, 7, 1022, 480842523
10, 7, 1023, 464466084
10, 7, 1022, 456629463
10, 7, 1022, 496055847
10, 7, 1021, 481117598
10, 7, 1022, 493344096
10, 7, 1023, 487408583
10, 7, 1023, 429065542
10, 7, 1022, 450888385
10, 7, 1023, 449195176
10, 7, 1022, 502284387
10, 7, 1022, 502876419
10, 7, 1023, 452583284
10, 7, 1022, 463927726
10, 7, 1022, 500053577
10, 7, 1023, 462832231
10, 7, 1023, 498116335
10, 7, 1023, 533183370
10, 8, 1022, 671711568
10, 8, 1022, 556221202
10, 8, 1023, 558112006
10, 8, 1023, 568594411
10, 8, 1023, 565681380
10, 8, 1023, 531950053
10, 8, 1023, 544322083
10, 8, 1023, 620338082
10, 8, 1023, 588789834
10, 8, 1022, 588306105
10, 8, 1023, 576518160
10, 8, 1023, 519486191
10, 8, 1023, 541058679
10, 8, 1023, 627218332
10, 8, 1023, 549998300
10, 8, 1022, 601875783
10, 8, 1023, 566914718
10, 8, 1022, 613429428
10, 8, 1023, 581797673
10, 8, 1023, 538338659
10, 8, 1023, 554050324
10, 8, 1023, 571168342
10, 8, 1023, 558647416
10, 8, 1023, 567826919
10, 8, 1023, 518012355
10, 8, 1023, 588868084
10, 8, 1022, 610892334
10, 8, 1023, 591194689
10, 8, 1022, 676151885
10, 8, 1022, 641393276
10, 8, 1023, 596519494
10, 8, 1022, 591657510
10, 8, 1023, 547511314
10, 8, 1023, 602614749
10, 8, 1022, 589263926
10, 8, 1023, 567765824
10, 8, 1023, 619903873
10, 8, 1023, 584451765
10, 8, 1023, 585319447
10, 8, 1023, 596152615
10, 8, 1023, 574918036
10, 8, 1023, 554405079
10, 8, 1023, 642471102
10, 8, 1022, 665555309
10, 8, 1022, 549339453
10, 8, 1023, 553906047
10, 8, 1023, 575869336
10, 8, 1022, 597798795
10, 8, 1022, 570528992
10, 8, 1023, 566765580
10, 8, 1023, 623087883
10, 8, 1023, 550918257
10, 8, 1023, 574795789
10, 8, 1023, 536526916
10, 8, 1023, 584438332
10, 8, 1023, 561908295
10, 8, 1023, 540172555
10, 8, 1023, 540181081
10, 8, 1023, 532896088
10, 8, 1022, 567229756
10, 8, 1023, 535026796
10, 8, 1022, 534918644
10, 8, 1021, 541263516
10, 8, 1023, 563906054
10, 8, 1023, 556470555
10, 8, 1023, 573809432
10, 8, 1023, 565738192
10, 8, 1022, 580392139
10, 8, 1022, 590539273
10, 8, 1023, 558884471
10, 8, 1023, 593375611
10, 8, 1022, 541275160
10, 8, 1023, 537774285
10, 8, 1022, 562508694
10, 8, 1023, 549040071
10, 8, 1023, 536451373
10, 8, 1023, 552840755
10, 8, 1023, 559185552
10, 8, 1022, 564926604
10, 8, 1022, 568821381
10, 8, 1022, 577839195
10, 8, 1023, 586326545
10, 8, 1022, 577616100
10, 8, 1023, 622678331
10, 8, 1023, 576106132
10, 8, 1023, 643114459
10, 8, 1022, 617361148
10, 8, 1022, 581423539
10, 8, 1022, 540399254
10, 8, 1023, 535322837
10, 8, 1023, 534062191
10, 8, 1023, 531601575
10, 8, 1023, 527477637
10, 8, 1023, 516159984
10, 8, 1022, 548273258
10, 8, 1023, 544108479
10, 8, 1023, 513865968
10, 8, 1022, 521972369
10, 8, 1023, 544405789
10, 8, 1021, 595231319
10, 9, 1023, 697067550
10, 9, 1023, 724776084
10, 9, 1023, 701809226
10, 9, 1022, 760852039
10, 9, 1022, 662681862
10, 9, 1023, 667449102
10, 9, 1023, 668099391
10, 9, 1022, 668330999
10, 9, 1023, 666652831
10, 9, 1023, 677626757
10, 9, 1023, 691773299
10, 9, 1023, 737783220
10, 9, 1023, 727420103
10, 9, 1023, 723427280
10, 9, 1023, 699401681
10, 9, 1023, 707569908
10, 9, 1023, 731380499
10, 9, 1022, 769582474
10, 9, 1023, 756378109
10, 9, 1023, 729200756
10, 9, 1023, 691288146
10, 9, 1023, 670447289
10, 9, 1023, 667982397
10, 9, 1022, 681779496
10, 9, 1023, 668159749
10, 9, 1023, 697730100
10, 9, 1023, 631470018
10, 9, 1023, 643766906
10, 9, 1022, 627982319
10, 9, 1022, 646665618
10, 9, 1023, 632470661
10, 9, 1023, 639375798
10, 9, 1023, 621458515
10, 9, 1023, 653168204
10, 9, 1023, 656283884
10, 9, 1023, 675644718
10, 9, 1023, 659320324
10, 9, 1023, 656620635
10, 9, 1022, 714316055
10, 9, 1023, 648146986
10, 9, 1023, 595739006
10, 9, 1023, 641929307
10, 9, 1023, 625658097
10, 9, 1023, 646993332
10, 9, 1022, 668939256
10, 9, 1022, 630887907
10, 9, 1023, 615391608
10, 9, 1023, 663485291
10, 9, 1022, 670897245
10, 9, 1023, 667249759
10, 9, 1023, 672001698
10, 9, 1023, 668069960
10, 9, 1023, 743497938
10, 9, 1023, 657250971
10, 9, 1023, 617849253
10, 9, 1023, 639161311
10, 9, 1023, 630745427
10, 9, 1023, 739438735
10, 9, 1023, 614528301
10, 9, 1022, 646897326
10, 9, 1023, 655791981
10, 9, 1023, 660450391
10, 9, 1023, 637783771
10, 9, 1023, 613093525
10, 9, 1023, 652609205
10, 9, 1023, 735936177
10, 9, 1023, 644962128
10, 9, 1023, 616797999
10, 9, 1023, 630624257
10, 9, 1022, 654443769
10, 9, 1023, 657599206
10, 9, 1023, 645747642
10, 9, 1023, 742035196
10, 9, 1023, 635099099
10, 9, 1023, 655554082
10, 9, 1022, 636067249
10, 9, 1023, 648254614
10, 9, 1023, 621011585
10, 9, 1023, 615797356
10, 9, 1023, 597142977
10, 9, 1023, 634044480
10, 9, 1023, 632907220
10, 9, 1023, 647385516
10, 9, 1023, 703412328
10, 9, 1023, 654184022
10, 9, 1023, 642990183
10, 9, 1023, 685605933
10, 9, 1023, 634109240
10, 9, 1023, 602520935
10, 9, 1023, 635066823
10, 9, 1022, 605981473
10, 9, 1023, 584201709
10, 9, 1022, 619891371
10, 9, 1023, 609868206
10, 9, 1023, 627054873
10, 9, 1022, 655035101
10, 9, 1021, 693741412
10, 9, 1023, 708886939
10, 9, 1023, 666210150
10, 9, 1023, 655194270
10, 10, 1023, 738679010
10, 10, 1023, 748235675
10, 10, 1023, 817259104
10, 10, 1023, 735742557
10, 10, 1023, 714187890
10, 10, 1023, 725291721
10, 10, 1023, 740337387
10, 10, 1023, 714895421
10, 10, 1023, 741141480
10, 10, 1023, 768341299
10, 10, 1023, 754284005
10, 10, 1023, 773885083
10, 10, 1023, 721333325
10, 10, 1023, 728140140
10, 10, 1023, 730871602
10, 10, 1023, 725096102
10, 10, 1023, 712562021
10, 10, 1023, 722203944
10, 10, 1023, 726882954
10, 10, 1023, 761884488
10, 10, 1023, 765705951
10, 10, 1023, 755748707
10, 10, 1023, 753645123
10, 10, 1023, 765209890
10, 10, 1023, 702796350
10, 10, 1023, 736109225
10, 10, 1023, 715198847
10, 10, 1023, 706260825
10, 10, 1023, 713531264
10, 10, 1022, 706002615
10, 10, 1023, 727242828
10, 10, 1023, 730079416
10, 10, 1023, 770021085
10, 10, 1023, 734597383
10, 10, 1023, 724633452
10, 10, 1023, 719488145
10, 10, 1023, 723390432
10, 10, 1023, 721141326
10, 10, 1023, 707295578
10, 10, 1023, 712282129
10, 10, 1023, 745322010
10, 10, 1023, 731521220
10, 10, 1023, 727825824
10, 10, 1023, 745680149
10, 10, 1023, 711350079
10, 10, 1023, 726123559
10, 10, 1023, 764631021
10, 10, 1023, 730615422
10, 10, 1023, 725480852
10, 10, 1023, 732141265
10, 10, 1023, 708715524
10, 10, 1023, 716967370
10, 10, 1023, 752229560
10, 10, 1023, 713711018
10, 10, 1023, 720763684
10, 10, 1022, 736688464
10, 10, 1023, 700555336
10, 10, 1023, 718687680
10, 10, 1023, 731383210
10, 10, 1023, 710616957
10, 10, 1023, 697669780
10, 10, 1023, 735652279
10, 10, 1023, 709547130
10, 10, 1023, 726973236
10, 10, 1023, 724297657
10, 10, 1023, 724702350
10, 10, 1022, 740019905
10, 10, 1023, 713462568
10, 10, 1023, 702464423
10, 10, 1023, 713312821
10, 10, 1023, 746167535
10, 10, 1023, 725792233
10, 10, 1023, 710753288
10, 10, 1023, 714904272
10, 10, 1022, 725015467
10, 10, 1023, 718816716
10, 10, 1023, 717062980
10, 10, 1023, 726472620
10, 10, 1023, 747413841
10, 10, 1023, 708364899
10, 10, 1022, 716100851
10, 10, 1022, 714517849
10, 10, 1023, 729431517
10, 10, 1023, 713134668
10, 10, 1023, 734843312
10, 10, 1023, 731174425
10, 10, 1023, 751826313
10, 10, 1023, 727679918
10, 10, 1023, 785302024
10, 10, 1023, 761974851
10, 10, 1023, 759443047
10, 10, 1023, 709754123
10, 10, 1023, 727447453
10, 10, 1023, 705143945
10, 10, 1023, 715403688
10, 10, 1023, 730763825
10, 10, 1023, 736955763
10, 10, 1023, 732748026
10, 10, 1023, 713226117
10, 10, 1023, 728977435
